SYMBOL,Geneid,,,,,,,,,,,
SCNN1D,ENSG00000162572,,,,,,,,,,,
ANKRD65,ENSG00000235098,,,,,,,,,,,
SLC35E2B,ENSG00000189339,,,,,,,,,,,
SLC35E2A,ENSG00000215790,,,,,,,,,,,
PRXL2B,ENSG00000157870,,,,,,,,,,,
MEGF6,ENSG00000162591,,,,,,,,,,,
HES3,ENSG00000173673,,,,,,,,,,,
PLEKHG5,ENSG00000171680,,,,,,,,,,,
H6PD,ENSG00000049239,,,,,,,,,,,
PIK3CD,ENSG00000171608,,,,,,,,,,,
CTNNBIP1,ENSG00000178585,,,,,,,,,,,
FBXO2,ENSG00000116661,,,,,,,,,,,
FBXO44,ENSG00000132879,,,,,,,,,,,
MAD2L2,ENSG00000116670,,,,,,,,,,,
DRAXIN,ENSG00000162490,,,,,,,,,,,
DHRS3,ENSG00000162496,,,,,,,,,,,
AADACL3,ENSG00000188984,,,,,,,,,,,
FBLIM1,ENSG00000162458,,,,,,,,,,,
CLCNKA,ENSG00000186510,,,,,,,,,,,
CLCNKB,ENSG00000184908,,,,,,,,,,,
EPHA2,ENSG00000142627,,,,,,,,,,,
ARHGEF19,ENSG00000142632,,,,,,,,,,,
CROCC,ENSG00000058453,,,,,,,,,,,
MFAP2,ENSG00000117122,,,,,,,,,,,
PADI2,ENSG00000117115,,,,,,,,,,,
ARHGEF10L,ENSG00000074964,,,,,,,,,,,
KLHDC7A,ENSG00000179023,,,,,,,,,,,
HTR6,ENSG00000158748,,,,,,,,,,,
CAMK2N1,ENSG00000162545,,,,,,,,,,,
SH2D5,ENSG00000189410,,,,,,,,,,,
HSPG2,ENSG00000142798,,,,,,,,,,,
WNT4,ENSG00000162552,,,,,,,,,,,
HTR1D,ENSG00000179546,,,,,,,,,,,
ID3,ENSG00000117318,,,,,,,,,,,
NIPAL3,ENSG00000001461,,,,,,,,,,,
CLIC4,ENSG00000169504,,,,,,,,,,,
CATSPER4,ENSG00000188782,,,,,,,,,,,
SH3BGRL3,ENSG00000142669,,,,,,,,,,,
LIN28A,ENSG00000131914,,,,,,,,,,,
PIGV,ENSG00000060642,,,,,,,,,,,
TRNP1,ENSG00000253368,,,,,,,,,,,
SYTL1,ENSG00000142765,,,,,,,,,,,
CD164L2,ENSG00000174950,,,,,,,,,,,
GPR3,ENSG00000181773,,,,,,,,,,,
SMPDL3B,ENSG00000130768,,,,,,,,,,,
PHACTR4,ENSG00000204138,,,,,,,,,,,
EPB41,ENSG00000159023,,,,,,,,,,,
SDC3,ENSG00000162512,,,,,,,,,,,
NKAIN1,ENSG00000084628,,,,,,,,,,,
SERINC2,ENSG00000168528,,,,,,,,,,,
COL16A1,ENSG00000084636,,,,,,,,,,,
ADGRB2,ENSG00000121753,,,,,,,,,,,
SPOCD1,ENSG00000134668,,,,,,,,,,,
CCDC28B,ENSG00000160050,,,,,,,,,,,
FAM167B,ENSG00000183615,,,,,,,,,,,
LCK,ENSG00000182866,,,,,,,,,,,
FAM229A,ENSG00000225828,,,,,,,,,,,
KIAA1522,ENSG00000162522,,,,,,,,,,,
HPCA,ENSG00000121905,,,,,,,,,,,
TRIM62,ENSG00000116525,,,,,,,,,,,
PHC2,ENSG00000134686,,,,,,,,,,,
ZSCAN20,ENSG00000121903,,,,,,,,,,,
C1orf94,ENSG00000142698,,,,,,,,,,,
GJA4,ENSG00000187513,,,,,,,,,,,
DLGAP3,ENSG00000116544,,,,,,,,,,,
NA,ENSG00000284773,,,,,,,,,,,
COL8A2,ENSG00000171812,,,,,,,,,,,
MAP7D1,ENSG00000116871,,,,,,,,,,,
DNALI1,ENSG00000163879,,,,,,,,,,,
POU3F1,ENSG00000185668,,,,,,,,,,,
AKIRIN1,ENSG00000174574,,,,,,,,,,,
HEYL,ENSG00000163909,,,,,,,,,,,
HPCAL4,ENSG00000116983,,,,,,,,,,,
PPT1,ENSG00000131238,,,,,,,,,,,
COL9A2,ENSG00000049089,,,,,,,,,,,
ZFP69B,ENSG00000187801,,,,,,,,,,,
RIMS3,ENSG00000117016,,,,,,,,,,,
KCNQ4,ENSG00000117013,,,,,,,,,,,
RIMKLA,ENSG00000177181,,,,,,,,,,,
CLDN19,ENSG00000164007,,,,,,,,,,,
P3H1,ENSG00000117385,,,,,,,,,,,
C1orf50,ENSG00000283580,,,,,,,,,,,
SVBP,ENSG00000177868,,,,,,,,,,,
ERMAP,ENSG00000164010,,,,,,,,,,,
FAM183A,ENSG00000186973,,,,,,,,,,,
TMEM125,ENSG00000179178,,,,,,,,,,,
C1orf210,ENSG00000253313,,,,,,,,,,,
TIE1,ENSG00000066056,,,,,,,,,,,
ARTN,ENSG00000117407,,,,,,,,,,,
CCDC24,ENSG00000159214,,,,,,,,,,,
BEST4,ENSG00000142959,,,,,,,,,,,
CYP4X1,ENSG00000186377,,,,,,,,,,,
GPX7,ENSG00000116157,,,,,,,,,,,
ECHDC2,ENSG00000121310,,,,,,,,,,,
LRP8,ENSG00000157193,,,,,,,,,,,
HSPB11,ENSG00000081870,,,,,,,,,,,
LRRC42,ENSG00000116212,,,,,,,,,,,
SSBP3,ENSG00000157216,,,,,,,,,,,
BSND,ENSG00000162399,,,,,,,,,,,
PLPP3,ENSG00000162407,,,,,,,,,,,
PRKAA2,ENSG00000162409,,,,,,,,,,,
HOOK1,ENSG00000134709,,,,,,,,,,,
FOXD3,ENSG00000187140,,,,,,,,,,,
EFCAB7,ENSG00000203965,,,,,,,,,,,
PGM1,ENSG00000079739,,,,,,,,,,,
ROR1,ENSG00000185483,,,,,,,,,,,
CACHD1,ENSG00000158966,,,,,,,,,,,
RAVER2,ENSG00000162437,,,,,,,,,,,
TCTEX1D1,ENSG00000152760,,,,,,,,,,,
PRKACB,ENSG00000142875,,,,,,,,,,,
CTBS,ENSG00000117151,,,,,,,,,,,
LPAR3,ENSG00000171517,,,,,,,,,,,
MCOLN2,ENSG00000153898,,,,,,,,,,,
DDAH1,ENSG00000153904,,,,,,,,,,,
SH3GLB1,ENSG00000097033,,,,,,,,,,,
ZNF644,ENSG00000122482,,,,,,,,,,,
CDC7,ENSG00000097046,,,,,,,,,,,
PTBP2,ENSG00000117569,,,,,,,,,,,
PLPPR4,ENSG00000117600,,,,,,,,,,,
EXTL2,ENSG00000162694,,,,,,,,,,,
S1PR1,ENSG00000170989,,,,,,,,,,,
ATXN7L2,ENSG00000162650,,,,,,,,,,,
AMPD2,ENSG00000116337,,,,,,,,,,,
GSTM3,ENSG00000134202,,,,,,,,,,,
KCNA3,ENSG00000177272,,,,,,,,,,,
INKA2,ENSG00000197852,,,,,,,,,,,
PPM1J,ENSG00000155367,,,,,,,,,,,
SLC16A1,ENSG00000155380,,,,,,,,,,,
OLFML3,ENSG00000116774,,,,,,,,,,,
SYT6,ENSG00000134207,,,,,,,,,,,
TSPAN2,ENSG00000134198,,,,,,,,,,,
NHLH2,ENSG00000177551,,,,,,,,,,,
TRIM45,ENSG00000134253,,,,,,,,,,,
PHGDH,ENSG00000092621,,,,,,,,,,,
NOTCH2,ENSG00000134250,,,,,,,,,,,
PIAS3,ENSG00000131788,,,,,,,,,,,
ANKRD35,ENSG00000198483,,,,,,,,,,,
TXNIP,ENSG00000265972,,,,,,,,,,,
SV2A,ENSG00000159164,,,,,,,,,,,
MTMR11,ENSG00000014914,,,,,,,,,,,
PLEKHO1,ENSG00000023902,,,,,,,,,,,
CA14,ENSG00000118298,,,,,,,,,,,
C1orf54,ENSG00000118292,,,,,,,,,,,
CIART,ENSG00000159208,,,,,,,,,,,
CERS2,ENSG00000143418,,,,,,,,,,,
ANXA9,ENSG00000143412,,,,,,,,,,,
MINDY1,ENSG00000143409,,,,,,,,,,,
BNIPL,ENSG00000163141,,,,,,,,,,,
MLLT11,ENSG00000213190,,,,,,,,,,,
SEMA6C,ENSG00000143434,,,,,,,,,,,
ZNF687,ENSG00000143373,,,,,,,,,,,
RFX5,ENSG00000143390,,,,,,,,,,,
SELENBP1,ENSG00000143416,,,,,,,,,,,
S100A6,ENSG00000197956,,,,,,,,,,,
S100A4,ENSG00000196154,,,,,,,,,,,
NPR1,ENSG00000169418,,,,,,,,,,,
CREB3L4,ENSG00000143578,,,,,,,,,,,
CHRNB2,ENSG00000160716,,,,,,,,,,,
SHC1,ENSG00000160691,,,,,,,,,,,
TRIM46,ENSG00000163462,,,,,,,,,,,
MUC1,ENSG00000185499,,,,,,,,,,,
FAM189B,ENSG00000160767,,,,,,,,,,,
PKLR,ENSG00000143627,,,,,,,,,,,
SYT11,ENSG00000132718,,,,,,,,,,,
MEX3A,ENSG00000254726,,,,,,,,,,,
SEMA4A,ENSG00000196189,,,,,,,,,,,
PAQR6,ENSG00000160781,,,,,,,,,,,
BCAN,ENSG00000132692,,,,,,,,,,,
NES,ENSG00000132688,,,,,,,,,,,
CRABP2,ENSG00000143320,,,,,,,,,,,
RRNAD1,ENSG00000143303,,,,,,,,,,,
FCRL5,ENSG00000143297,,,,,,,,,,,
CADM3,ENSG00000162706,,,,,,,,,,,
ACKR1,ENSG00000213088,,,,,,,,,,,
IGSF9,ENSG00000085552,,,,,,,,,,,
KCNJ10,ENSG00000177807,,,,,,,,,,,
IGSF8,ENSG00000162729,,,,,,,,,,,
ATP1A2,ENSG00000018625,,,,,,,,,,,
DCAF8,ENSG00000132716,,,,,,,,,,,
NHLH1,ENSG00000171786,,,,,,,,,,,
VANGL2,ENSG00000162738,,,,,,,,,,,
PPOX,ENSG00000143224,,,,,,,,,,,
ADAMTS4,ENSG00000158859,,,,,,,,,,,
MPZ,ENSG00000158887,,,,,,,,,,,
OLFML2B,ENSG00000162745,,,,,,,,,,,
C1orf226,ENSG00000239887,,,,,,,,,,,
RGS5,ENSG00000143248,,,,,,,,,,,
ALDH9A1,ENSG00000143149,,,,,,,,,,,
UCK2,ENSG00000143179,,,,,,,,,,,
CREG1,ENSG00000143162,,,,,,,,,,,
GPR161,ENSG00000143147,,,,,,,,,,,
GORAB,ENSG00000120370,,,,,,,,,,,
FMO4,ENSG00000076258,,,,,,,,,,,
TNFSF4,ENSG00000117586,,,,,,,,,,,
RABGAP1L,ENSG00000152061,,,,,,,,,,,
RASAL2,ENSG00000075391,,,,,,,,,,,
LHX4,ENSG00000121454,,,,,,,,,,,
XPR1,ENSG00000143324,,,,,,,,,,,
STX6,ENSG00000135823,,,,,,,,,,,
RGS16,ENSG00000143333,,,,,,,,,,,
NMNAT2,ENSG00000157064,,,,,,,,,,,
C1orf21,ENSG00000116667,,,,,,,,,,,
NIBAN1,ENSG00000135842,,,,,,,,,,,
IVNS1ABP,ENSG00000116679,,,,,,,,,,,
GLRX2,ENSG00000023572,,,,,,,,,,,
CDC73,ENSG00000134371,,,,,,,,,,,
KCNT2,ENSG00000162687,,,,,,,,,,,
KIF21B,ENSG00000116852,,,,,,,,,,,
TNNT2,ENSG00000118194,,,,,,,,,,,
SHISA4,ENSG00000198892,,,,,,,,,,,
LMOD1,ENSG00000163431,,,,,,,,,,,
PPFIA4,ENSG00000143847,,,,,,,,,,,
GOLT1A,ENSG00000174567,,,,,,,,,,,
PLEKHA6,ENSG00000143850,,,,,,,,,,,
NFASC,ENSG00000163531,,,,,,,,,,,
TMCC2,ENSG00000133069,,,,,,,,,,,
KLHDC8A,ENSG00000162873,,,,,,,,,,,
CDK18,ENSG00000117266,,,,,,,,,,,
SLC45A3,ENSG00000158715,,,,,,,,,,,
NUCKS1,ENSG00000069275,,,,,,,,,,,
IKBKE,ENSG00000263528,,,,,,,,,,,
DYRK3,ENSG00000143479,,,,,,,,,,,
C1orf116,ENSG00000182795,,,,,,,,,,,
CR2,ENSG00000117322,,,,,,,,,,,
G0S2,ENSG00000123689,,,,,,,,,,,
TRAF5,ENSG00000082512,,,,,,,,,,,
VASH2,ENSG00000143494,,,,,,,,,,,
2-Mar,ENSG00000117791,,,,,,,,,,,
ENAH,ENSG00000154380,,,,,,,,,,,
EPHX1,ENSG00000143819,,,,,,,,,,,
OBSCN,ENSG00000154358,,,,,,,,,,,
PGBD5,ENSG00000177614,,,,,,,,,,,
C1orf198,ENSG00000119280,,,,,,,,,,,
GNPAT,ENSG00000116906,,,,,,,,,,,
MAP10,ENSG00000212916,,,,,,,,,,,
PCNX2,ENSG00000135749,,,,,,,,,,,
MAP3K21,ENSG00000143674,,,,,,,,,,,
KCNK1,ENSG00000135750,,,,,,,,,,,
GNG4,ENSG00000168243,,,,,,,,,,,
ERO1B,ENSG00000086619,,,,,,,,,,,
AKT3,ENSG00000117020,,,,,,,,,,,
FAM110C,ENSG00000184731,,,,,,,,,,,
SH3YL1,ENSG00000035115,,,,,,,,,,,
ALKAL2,ENSG00000189292,,,,,,,,,,,
TMEM18,ENSG00000151353,,,,,,,,,,,
SNTG2,ENSG00000172554,,,,,,,,,,,
PXDN,ENSG00000130508,,,,,,,,,,,
SOX11,ENSG00000176887,,,,,,,,,,,
RNF144A,ENSG00000151692,,,,,,,,,,,
ID2,ENSG00000115738,,,,,,,,,,,
MBOAT2,ENSG00000143797,,,,,,,,,,,
TRIB2,ENSG00000071575,,,,,,,,,,,
LRATD1,ENSG00000162981,,,,,,,,,,,
VSNL1,ENSG00000163032,,,,,,,,,,,
TTC32,ENSG00000183891,,,,,,,,,,,
WDR35,ENSG00000118965,,,,,,,,,,,
FKBP1B,ENSG00000119782,,,,,,,,,,,
KIF3C,ENSG00000084731,,,,,,,,,,,
GAREM2,ENSG00000157833,,,,,,,,,,,
DPYSL5,ENSG00000157851,,,,,,,,,,,
MAPRE3,ENSG00000084764,,,,,,,,,,,
AGBL5,ENSG00000084693,,,,,,,,,,,
EMILIN1,ENSG00000138080,,,,,,,,,,,
SLC30A3,ENSG00000115194,,,,,,,,,,,
TRIM54,ENSG00000138100,,,,,,,,,,,
ZNF512,ENSG00000243943,,,,,,,,,,,
EIF2AK2,ENSG00000055332,,,,,,,,,,,
CDC42EP3,ENSG00000163171,,,,,,,,,,,
TMEM178A,ENSG00000152154,,,,,,,,,,,
PKDCC,ENSG00000162878,,,,,,,,,,,
EML4,ENSG00000143924,,,,,,,,,,,
MTA3,ENSG00000057935,,,,,,,,,,,
RHOQ,ENSG00000119729,,,,,,,,,,,
KCNK12,ENSG00000184261,,,,,,,,,,,
CCDC88A,ENSG00000115355,,,,,,,,,,,
EFEMP1,ENSG00000115380,,,,,,,,,,,
FANCL,ENSG00000115392,,,,,,,,,,,
OTX1,ENSG00000115507,,,,,,,,,,,
PELI1,ENSG00000197329,,,,,,,,,,,
LGALSL,ENSG00000119862,,,,,,,,,,,
CEP68,ENSG00000011523,,,,,,,,,,,
ETAA1,ENSG00000143971,,,,,,,,,,,
PROKR1,ENSG00000169618,,,,,,,,,,,
ANTXR1,ENSG00000169604,,,,,,,,,,,
ADD2,ENSG00000075340,,,,,,,,,,,
PAIP2B,ENSG00000124374,,,,,,,,,,,
EMX1,ENSG00000135638,,,,,,,,,,,
FBXO41,ENSG00000163013,,,,,,,,,,,
WDR54,ENSG00000005448,,,,,,,,,,,
LOXL3,ENSG00000115318,,,,,,,,,,,
DOK1,ENSG00000115325,,,,,,,,,,,
SEMA4F,ENSG00000135622,,,,,,,,,,,
TCF7L1,ENSG00000152284,,,,,,,,,,,
KRCC1,ENSG00000172086,,,,,,,,,,,
ADRA2B,ENSG00000274286,,,,,,,,,,,
DUSP2,ENSG00000158050,,,,,,,,,,,
ITPRIPL1,ENSG00000198885,,,,,,,,,,,
ANKRD23,ENSG00000163126,,,,,,,,,,,
FAHD2B,ENSG00000144199,,,,,,,,,,,
CHST10,ENSG00000115526,,,,,,,,,,,
MAP4K4,ENSG00000071054,,,,,,,,,,,
FHL2,ENSG00000115641,,,,,,,,,,,
ST6GAL2,ENSG00000144057,,,,,,,,,,,
SULT1C2,ENSG00000198203,,,,,,,,,,,
SULT1C4,ENSG00000198075,,,,,,,,,,,
ZC3H6,ENSG00000188177,,,,,,,,,,,
IL1A,ENSG00000115008,,,,,,,,,,,
DBI,ENSG00000155368,,,,,,,,,,,
PTPN4,ENSG00000088179,,,,,,,,,,,
GLI2,ENSG00000074047,,,,,,,,,,,
GYPC,ENSG00000136732,,,,,,,,,,,
SFT2D3,ENSG00000173349,,,,,,,,,,,
PTPN18,ENSG00000072135,,,,,,,,,,,
CCDC74A,ENSG00000163040,,,,,,,,,,,
ACVR2A,ENSG00000121989,,,,,,,,,,,
KIF5C,ENSG00000168280,,,,,,,,,,,
LYPD6,ENSG00000187123,,,,,,,,,,,
RND3,ENSG00000115963,,,,,,,,,,,
PKP4,ENSG00000144283,,,,,,,,,,,
BAZ2B,ENSG00000123636,,,,,,,,,,,
GCA,ENSG00000115271,,,,,,,,,,,
GRB14,ENSG00000115290,,,,,,,,,,,
B3GALT1,ENSG00000172318,,,,,,,,,,,
CERS6,ENSG00000172292,,,,,,,,,,,
KLHL23,ENSG00000213160,,,,,,,,,,,
ERICH2,ENSG00000204334,,,,,,,,,,,
CYBRD1,ENSG00000071967,,,,,,,,,,,
PDK1,ENSG00000152256,,,,,,,,,,,
MAP3K20,ENSG00000091436,,,,,,,,,,,
CDCA7,ENSG00000144354,,,,,,,,,,,
CHN1,ENSG00000128656,,,,,,,,,,,
PJVK,ENSG00000204311,,,,,,,,,,,
FKBP7,ENSG00000079150,,,,,,,,,,,
UBE2E3,ENSG00000170035,,,,,,,,,,,
FSIP2,ENSG00000188738,,,,,,,,,,,
FAM171B,ENSG00000144369,,,,,,,,,,,
CALCRL,ENSG00000064989,,,,,,,,,,,
GULP1,ENSG00000144366,,,,,,,,,,,
COL5A2,ENSG00000204262,,,,,,,,,,,
CCDC150,ENSG00000144395,,,,,,,,,,,
PGAP1,ENSG00000197121,,,,,,,,,,,
MOB4,ENSG00000115540,,,,,,,,,,,
SPATS2L,ENSG00000196141,,,,,,,,,,,
FZD7,ENSG00000155760,,,,,,,,,,,
CARF,ENSG00000138380,,,,,,,,,,,
ABI2,ENSG00000138443,,,,,,,,,,,
ADAM23,ENSG00000114948,,,,,,,,,,,
LANCL1,ENSG00000115365,,,,,,,,,,,
PECR,ENSG00000115425,,,,,,,,,,,
TMEM169,ENSG00000163449,,,,,,,,,,,
IGFBP2,ENSG00000115457,,,,,,,,,,,
IGFBP5,ENSG00000115461,,,,,,,,,,,
CXCR2,ENSG00000180871,,,,,,,,,,,
CYP27A1,ENSG00000135929,,,,,,,,,,,
TUBA4A,ENSG00000127824,,,,,,,,,,,
PTPRN,ENSG00000054356,,,,,,,,,,,
DES,ENSG00000175084,,,,,,,,,,,
SPEG,ENSG00000072195,,,,,,,,,,,
TMEM198,ENSG00000188760,,,,,,,,,,,
OBSL1,ENSG00000124006,,,,,,,,,,,
SCG2,ENSG00000171951,,,,,,,,,,,
SERPINE2,ENSG00000135919,,,,,,,,,,,
FAM124B,ENSG00000124019,,,,,,,,,,,
PDE6D,ENSG00000156973,,,,,,,,,,,
ECEL1,ENSG00000171551,,,,,,,,,,,
TIGD1,ENSG00000221944,,,,,,,,,,,
DGKD,ENSG00000077044,,,,,,,,,,,
ARL4C,ENSG00000188042,,,,,,,,,,,
MLPH,ENSG00000115648,,,,,,,,,,,
RAB17,ENSG00000124839,,,,,,,,,,,
ERFE,ENSG00000178752,,,,,,,,,,,
HES6,ENSG00000144485,,,,,,,,,,,
CAPN10,ENSG00000142330,,,,,,,,,,,
KIF1A,ENSG00000130294,,,,,,,,,,,
BOK,ENSG00000176720,,,,,,,,,,,
D2HGDH,ENSG00000180902,,,,,,,,,,,
LRRN1,ENSG00000175928,,,,,,,,,,,
LMCD1,ENSG00000071282,,,,,,,,,,,
LHFPL4,ENSG00000156959,,,,,,,,,,,
CPNE9,ENSG00000144550,,,,,,,,,,,
OGG1,ENSG00000114026,,,,,,,,,,,
IL17RE,ENSG00000163701,,,,,,,,,,,
IL17RC,ENSG00000163702,,,,,,,,,,,
PRRT3,ENSG00000163704,,,,,,,,,,,
HDAC11,ENSG00000163517,,,,,,,,,,,
GRIP2,ENSG00000144596,,,,,,,,,,,
FGD5,ENSG00000154783,,,,,,,,,,,
BTD,ENSG00000169814,,,,,,,,,,,
DAZL,ENSG00000092345,,,,,,,,,,,
PLCL2,ENSG00000154822,,,,,,,,,,,
TRANK1,ENSG00000168016,,,,,,,,,,,
VILL,ENSG00000136059,,,,,,,,,,,
PLCD1,ENSG00000187091,,,,,,,,,,,
SCN5A,ENSG00000183873,,,,,,,,,,,
ZNF621,ENSG00000172888,,,,,,,,,,,
VIPR1,ENSG00000114812,,,,,,,,,,,
SEC22C,ENSG00000093183,,,,,,,,,,,
SS18L2,ENSG00000008324,,,,,,,,,,,
ZBTB47,ENSG00000114853,,,,,,,,,,,
HHATL,ENSG00000010282,,,,,,,,,,,
ZKSCAN7,ENSG00000196345,,,,,,,,,,,
TMEM158,ENSG00000249992,,,,,,,,,,,
LZTFL1,ENSG00000163818,,,,,,,,,,,
LRRC2,ENSG00000163827,,,,,,,,,,,
NA,ENSG00000283877,,,,,,,,,,,
ALS2CL,ENSG00000178038,,,,,,,,,,,
NA,ENSG00000206549,,,,,,,,,,,
PLXNB1,ENSG00000164050,,,,,,,,,,,
COL7A1,ENSG00000114270,,,,,,,,,,,
P4HTM,ENSG00000178467,,,,,,,,,,,
CDHR4,ENSG00000187492,,,,,,,,,,,
INKA1,ENSG00000185614,,,,,,,,,,,
CAMKV,ENSG00000164076,,,,,,,,,,,
SEMA3F,ENSG00000001617,,,,,,,,,,,
SEMA3B,ENSG00000012171,,,,,,,,,,,
PCBP4,ENSG00000090097,,,,,,,,,,,
POC1A,ENSG00000164087,,,,,,,,,,,
PPM1M,ENSG00000164088,,,,,,,,,,,
SEMA3G,ENSG00000010319,,,,,,,,,,,
NT5DC2,ENSG00000168268,,,,,,,,,,,
CHDH,ENSG00000016391,,,,,,,,,,,
IL17RB,ENSG00000056736,,,,,,,,,,,
PTPRG,ENSG00000144724,,,,,,,,,,,
MAGI1,ENSG00000151276,,,,,,,,,,,
LRIG1,ENSG00000144749,,,,,,,,,,,
SUCLG2,ENSG00000172340,,,,,,,,,,,
ARL6IP5,ENSG00000144746,,,,,,,,,,,
VGLL3,ENSG00000206538,,,,,,,,,,,
HTR1F,ENSG00000179097,,,,,,,,,,,
ARL6,ENSG00000113966,,,,,,,,,,,
CRYBG3,ENSG00000080200,,,,,,,,,,,
ST3GAL6,ENSG00000064225,,,,,,,,,,,
DCBLD2,ENSG00000057019,,,,,,,,,,,
LNP1,ENSG00000206535,,,,,,,,,,,
TMEM45A,ENSG00000181458,,,,,,,,,,,
NXPE3,ENSG00000144815,,,,,,,,,,,
NFKBIZ,ENSG00000144802,,,,,,,,,,,
ALCAM,ENSG00000170017,,,,,,,,,,,
DZIP3,ENSG00000198919,,,,,,,,,,,
NECTIN3,ENSG00000177707,,,,,,,,,,,
TAGLN3,ENSG00000144834,,,,,,,,,,,
BOC,ENSG00000144857,,,,,,,,,,,
GAP43,ENSG00000172020,,,,,,,,,,,
FSTL1,ENSG00000163430,,,,,,,,,,,
RABL3,ENSG00000144840,,,,,,,,,,,
ILDR1,ENSG00000145103,,,,,,,,,,,
PARP9,ENSG00000138496,,,,,,,,,,,
DTX3L,ENSG00000163840,,,,,,,,,,,
PARP14,ENSG00000173193,,,,,,,,,,,
SEMA5B,ENSG00000082684,,,,,,,,,,,
ADCY5,ENSG00000173175,,,,,,,,,,,
SLC12A8,ENSG00000221955,,,,,,,,,,,
KLF15,ENSG00000163884,,,,,,,,,,,
PODXL2,ENSG00000114631,,,,,,,,,,,
ABTB1,ENSG00000114626,,,,,,,,,,,
RAB6B,ENSG00000154917,,,,,,,,,,,
SLC35G2,ENSG00000168917,,,,,,,,,,,
CEP70,ENSG00000114107,,,,,,,,,,,
FOXL2NB,ENSG00000206262,,,,,,,,,,,
RBP1,ENSG00000114115,,,,,,,,,,,
PXYLP1,ENSG00000155893,,,,,,,,,,,
TFDP2,ENSG00000114126,,,,,,,,,,,
ATR,ENSG00000175054,,,,,,,,,,,
PLS1,ENSG00000120756,,,,,,,,,,,
TRPC1,ENSG00000144935,,,,,,,,,,,
PAQR9,ENSG00000188582,,,,,,,,,,,
HPS3,ENSG00000163755,,,,,,,,,,,
TM4SF18,ENSG00000163762,,,,,,,,,,,
RNF13,ENSG00000082996,,,,,,,,,,,
PFN2,ENSG00000070087,,,,,,,,,,,
SIAH2,ENSG00000181788,,,,,,,,,,,
IGSF10,ENSG00000152580,,,,,,,,,,,
P2RY1,ENSG00000169860,,,,,,,,,,,
MME,ENSG00000196549,,,,,,,,,,,
PLCH1,ENSG00000114805,,,,,,,,,,,
PTX3,ENSG00000163661,,,,,,,,,,,
MLF1,ENSG00000178053,,,,,,,,,,,
B3GALNT1,ENSG00000169255,,,,,,,,,,,
SPTSSB,ENSG00000196542,,,,,,,,,,,
SLITRK3,ENSG00000121871,,,,,,,,,,,
SERPINI1,ENSG00000163536,,,,,,,,,,,
ACTRT3,ENSG00000184378,,,,,,,,,,,
TNIK,ENSG00000154310,,,,,,,,,,,
GNB4,ENSG00000114450,,,,,,,,,,,
SOX2,ENSG00000181449,,,,,,,,,,,
MCCC1,ENSG00000078070,,,,,,,,,,,
MCF2L2,ENSG00000053524,,,,,,,,,,,
CAMK2N2,ENSG00000163888,,,,,,,,,,,
CLCN2,ENSG00000114859,,,,,,,,,,,
THPO,ENSG00000090534,,,,,,,,,,,
ETV5,ENSG00000244405,,,,,,,,,,,
RPL39L,ENSG00000163923,,,,,,,,,,,
BCL6,ENSG00000113916,,,,,,,,,,,
P3H2,ENSG00000090530,,,,,,,,,,,
CLDN1,ENSG00000163347,,,,,,,,,,,
MB21D2,ENSG00000180611,,,,,,,,,,,
PLAAT1,ENSG00000127252,,,,,,,,,,,
HES1,ENSG00000114315,,,,,,,,,,,
ZDHHC19,ENSG00000163958,,,,,,,,,,,
SLC51A,ENSG00000163959,,,,,,,,,,,
UBXN7,ENSG00000163960,,,,,,,,,,,
BDH1,ENSG00000161267,,,,,,,,,,,
LRCH3,ENSG00000186001,,,,,,,,,,,
UVSSA,ENSG00000163945,,,,,,,,,,,
NSD2,ENSG00000109685,,,,,,,,,,,
NAT8L,ENSG00000185818,,,,,,,,,,,
MXD4,ENSG00000123933,,,,,,,,,,,
MFSD10,ENSG00000109736,,,,,,,,,,,
NSG1,ENSG00000168824,,,,,,,,,,,
CYTL1,ENSG00000170891,,,,,,,,,,,
CRMP1,ENSG00000072832,,,,,,,,,,,
RAB28,ENSG00000157869,,,,,,,,,,,
LDB2,ENSG00000169744,,,,,,,,,,,
LCORL,ENSG00000178177,,,,,,,,,,,
SOD3,ENSG00000109610,,,,,,,,,,,
SEL1L3,ENSG00000091490,,,,,,,,,,,
SMIM20,ENSG00000250317,,,,,,,,,,,
FAM114A1,ENSG00000197712,,,,,,,,,,,
KLHL5,ENSG00000109790,,,,,,,,,,,
WDR19,ENSG00000157796,,,,,,,,,,,
SMIM14,ENSG00000163683,,,,,,,,,,,
CHRNA9,ENSG00000174343,,,,,,,,,,,
NSUN7,ENSG00000179299,,,,,,,,,,,
APBB2,ENSG00000163697,,,,,,,,,,,
UCHL1,ENSG00000154277,,,,,,,,,,,
SHISA3,ENSG00000178343,,,,,,,,,,,
ATP8A1,ENSG00000124406,,,,,,,,,,,
GNPDA2,ENSG00000163281,,,,,,,,,,,
OCIAD2,ENSG00000145247,,,,,,,,,,,
SGCB,ENSG00000163069,,,,,,,,,,,
USP46,ENSG00000109189,,,,,,,,,,,
ERVMER34-1,ENSG00000226887,,,,,,,,,,,
RASL11B,ENSG00000128045,,,,,,,,,,,
KDR,ENSG00000128052,,,,,,,,,,,
CXCL6,ENSG00000124875,,,,,,,,,,,
PF4V1,ENSG00000109272,,,,,,,,,,,
PF4,ENSG00000163737,,,,,,,,,,,
CXCL5,ENSG00000163735,,,,,,,,,,,
CXCL3,ENSG00000163734,,,,,,,,,,,
MTHFD2L,ENSG00000163738,,,,,,,,,,,
PTPN13,ENSG00000163629,,,,,,,,,,,
PKD2,ENSG00000118762,,,,,,,,,,,
FAM13A,ENSG00000138640,,,,,,,,,,,
GRID2,ENSG00000152208,,,,,,,,,,,
TSPAN5,ENSG00000168785,,,,,,,,,,,
PPP3CA,ENSG00000138814,,,,,,,,,,,
SLC9B2,ENSG00000164038,,,,,,,,,,,
BDH2,ENSG00000164039,,,,,,,,,,,
CXXC4,ENSG00000168772,,,,,,,,,,,
PAPSS1,ENSG00000138801,,,,,,,,,,,
CYP2U1,ENSG00000155016,,,,,,,,,,,
TIFA,ENSG00000145365,,,,,,,,,,,
ANK2,ENSG00000145362,,,,,,,,,,,
UGT8,ENSG00000174607,,,,,,,,,,,
PRDM5,ENSG00000138738,,,,,,,,,,,
KIAA1109,ENSG00000138688,,,,,,,,,,,
FGF2,ENSG00000138685,,,,,,,,,,,
SPRY1,ENSG00000164056,,,,,,,,,,,
JADE1,ENSG00000077684,,,,,,,,,,,
PCDH10,ENSG00000138650,,,,,,,,,,,
PCDH18,ENSG00000189184,,,,,,,,,,,
MGARP,ENSG00000137463,,,,,,,,,,,
CLGN,ENSG00000153132,,,,,,,,,,,
EDNRA,ENSG00000151617,,,,,,,,,,,
FAM160A1,ENSG00000164142,,,,,,,,,,,
RNF175,ENSG00000145428,,,,,,,,,,,
SFRP2,ENSG00000145423,,,,,,,,,,,
LRAT,ENSG00000121207,,,,,,,,,,,
RBM46,ENSG00000151962,,,,,,,,,,,
NPY1R,ENSG00000164128,,,,,,,,,,,
NPY5R,ENSG00000164129,,,,,,,,,,,
APELA,ENSG00000248329,,,,,,,,,,,
SAP30,ENSG00000164105,,,,,,,,,,,
IRF2,ENSG00000168310,,,,,,,,,,,
CFAP97,ENSG00000164323,,,,,,,,,,,
UFSP2,ENSG00000109775,,,,,,,,,,,
C4orf47,ENSG00000205129,,,,,,,,,,,
CCDC110,ENSG00000168491,,,,,,,,,,,
PDLIM3,ENSG00000154553,,,,,,,,,,,
TLR3,ENSG00000164342,,,,,,,,,,,
FAM149A,ENSG00000109794,,,,,,,,,,,
CYP4V2,ENSG00000145476,,,,,,,,,,,
KLKB1,ENSG00000164344,,,,,,,,,,,
PLEKHG4B,ENSG00000153404,,,,,,,,,,,
CCDC127,ENSG00000164366,,,,,,,,,,,
ZDHHC11,ENSG00000188818,,,,,,,,,,,
C5orf38,ENSG00000186493,,,,,,,,,,,
IRX1,ENSG00000170549,,,,,,,,,,,
SRD5A1,ENSG00000145545,,,,,,,,,,,
ADCY2,ENSG00000078295,,,,,,,,,,,
FBXL7,ENSG00000183580,,,,,,,,,,,
MYO10,ENSG00000145555,,,,,,,,,,,
RAI14,ENSG00000039560,,,,,,,,,,,
UGT3A1,ENSG00000145626,,,,,,,,,,,
UGT3A2,ENSG00000168671,,,,,,,,,,,
LIFR,ENSG00000113594,,,,,,,,,,,
OXCT1,ENSG00000083720,,,,,,,,,,,
SELENOP,ENSG00000250722,,,,,,,,,,,
EMB,ENSG00000170571,,,,,,,,,,,
PARP8,ENSG00000151883,,,,,,,,,,,
GPX8,ENSG00000164294,,,,,,,,,,,
DEPDC1B,ENSG00000035499,,,,,,,,,,,
ELOVL7,ENSG00000164181,,,,,,,,,,,
ZSWIM6,ENSG00000130449,,,,,,,,,,,
HTR1A,ENSG00000178394,,,,,,,,,,,
SHISAL2B,ENSG00000145642,,,,,,,,,,,
MCCC2,ENSG00000131844,,,,,,,,,,,
GCNT4,ENSG00000176928,,,,,,,,,,,
ZBED3,ENSG00000132846,,,,,,,,,,,
LHFPL2,ENSG00000145685,,,,,,,,,,,
THBS4,ENSG00000113296,,,,,,,,,,,
ANKRD34B,ENSG00000189127,,,,,,,,,,,
SSBP2,ENSG00000145687,,,,,,,,,,,
VCAN,ENSG00000038427,,,,,,,,,,,
EDIL3,ENSG00000164176,,,,,,,,,,,
POLR3G,ENSG00000113356,,,,,,,,,,,
ADGRV1,ENSG00000164199,,,,,,,,,,,
ARSK,ENSG00000164291,,,,,,,,,,,
RHOBTB3,ENSG00000164292,,,,,,,,,,,
ELL2,ENSG00000118985,,,,,,,,,,,
CAST,ENSG00000153113,,,,,,,,,,,
ERAP1,ENSG00000164307,,,,,,,,,,,
RGMB,ENSG00000174136,,,,,,,,,,,
PAM,ENSG00000145730,,,,,,,,,,,
C5orf30,ENSG00000181751,,,,,,,,,,,
TSLP,ENSG00000145777,,,,,,,,,,,
TRIM36,ENSG00000152503,,,,,,,,,,,
CCDC112,ENSG00000164221,,,,,,,,,,,
CDO1,ENSG00000129596,,,,,,,,,,,
HSD17B4,ENSG00000133835,,,,,,,,,,,
SNCAIP,ENSG00000064692,,,,,,,,,,,
CSNK1G3,ENSG00000151292,,,,,,,,,,,
MEGF10,ENSG00000145794,,,,,,,,,,,
ADAMTS19,ENSG00000145808,,,,,,,,,,,
TGFBI,ENSG00000120708,,,,,,,,,,,
CDC25C,ENSG00000158402,,,,,,,,,,,
REEP2,ENSG00000132563,,,,,,,,,,,
EGR1,ENSG00000120738,,,,,,,,,,,
MZB1,ENSG00000170476,,,,,,,,,,,
SPATA24,ENSG00000170469,,,,,,,,,,,
DNAJC18,ENSG00000170464,,,,,,,,,,,
CXXC5,ENSG00000171604,,,,,,,,,,,
TMCO6,ENSG00000113119,,,,,,,,,,,
PCDHB1,ENSG00000171815,,,,,,,,,,,
PCDHB2,ENSG00000112852,,,,,,,,,,,
PCDHB3,ENSG00000113205,,,,,,,,,,,
PCDHB4,ENSG00000081818,,,,,,,,,,,
PCDHB5,ENSG00000113209,,,,,,,,,,,
PCDHB7,ENSG00000113212,,,,,,,,,,,
PCDHB8,ENSG00000120322,,,,,,,,,,,
PCDHB16,ENSG00000272674,,,,,,,,,,,
PCDHB9,ENSG00000177839,,,,,,,,,,,
PCDHB10,ENSG00000120324,,,,,,,,,,,
PCDHB11,ENSG00000197479,,,,,,,,,,,
PCDHB12,ENSG00000120328,,,,,,,,,,,
PCDHB13,ENSG00000187372,,,,,,,,,,,
PCDHB14,ENSG00000120327,,,,,,,,,,,
NA,ENSG00000279983,,,,,,,,,,,
PCDHB15,ENSG00000113248,,,,,,,,,,,
RELL2,ENSG00000164620,,,,,,,,,,,
FCHSD1,ENSG00000197948,,,,,,,,,,,
ARAP3,ENSG00000120318,,,,,,,,,,,
PCDH1,ENSG00000156453,,,,,,,,,,,
DELE1,ENSG00000081791,,,,,,,,,,,
SPRY4,ENSG00000187678,,,,,,,,,,,
DPYSL3,ENSG00000113657,,,,,,,,,,,
SPINK1,ENSG00000164266,,,,,,,,,,,
ADRB2,ENSG00000169252,,,,,,,,,,,
PCYOX1L,ENSG00000145882,,,,,,,,,,,
SLC26A2,ENSG00000155850,,,,,,,,,,,
PDGFRB,ENSG00000113721,,,,,,,,,,,
CD74,ENSG00000019582,,,,,,,,,,,
MYOZ3,ENSG00000164591,,,,,,,,,,,
SMIM3,ENSG00000256235,,,,,,,,,,,
FAXDC2,ENSG00000170271,,,,,,,,,,,
HAVCR2,ENSG00000135077,,,,,,,,,,,
CYFIP2,ENSG00000055163,,,,,,,,,,,
PWWP2A,ENSG00000170234,,,,,,,,,,,
CCNJL,ENSG00000135083,,,,,,,,,,,
ZBED8,ENSG00000221886,,,,,,,,,,,
PTTG1,ENSG00000164611,,,,,,,,,,,
GABRA1,ENSG00000022355,,,,,,,,,,,
CCNG1,ENSG00000113328,,,,,,,,,,,
FBLL1,ENSG00000188573,,,,,,,,,,,
GABRP,ENSG00000094755,,,,,,,,,,,
NEURL1B,ENSG00000214357,,,,,,,,,,,
ERGIC1,ENSG00000113719,,,,,,,,,,,
STC2,ENSG00000113739,,,,,,,,,,,
HRH2,ENSG00000113749,,,,,,,,,,,
SNCB,ENSG00000074317,,,,,,,,,,,
EIF4E1B,ENSG00000175766,,,,,,,,,,,
TSPAN17,ENSG00000048140,,,,,,,,,,,
UNC5A,ENSG00000113763,,,,,,,,,,,
DBN1,ENSG00000113758,,,,,,,,,,,
PDLIM7,ENSG00000196923,,,,,,,,,,,
N4BP3,ENSG00000145911,,,,,,,,,,,
RNF130,ENSG00000113269,,,,,,,,,,,
GFPT2,ENSG00000131459,,,,,,,,,,,
DUSP22,ENSG00000112679,,,,,,,,,,,
EXOC2,ENSG00000112685,,,,,,,,,,,
BPHL,ENSG00000137274,,,,,,,,,,,
TUBB2B,ENSG00000137285,,,,,,,,,,,
SLC22A23,ENSG00000137266,,,,,,,,,,,
ECI2,ENSG00000198721,,,,,,,,,,,
CDYL,ENSG00000153046,,,,,,,,,,,
TMEM170B,ENSG00000205269,,,,,,,,,,,
EDN1,ENSG00000078401,,,,,,,,,,,
SIRT5,ENSG00000124523,,,,,,,,,,,
RNF182,ENSG00000180537,,,,,,,,,,,
JARID2,ENSG00000008083,,,,,,,,,,,
RNF144B,ENSG00000137393,,,,,,,,,,,
ID4,ENSG00000172201,,,,,,,,,,,
GPLD1,ENSG00000112293,,,,,,,,,,,
CARMIL1,ENSG00000079691,,,,,,,,,,,
HFE,ENSG00000010704,,,,,,,,,,,
H2AC6,ENSG00000180573,,,,,,,,,,,
BTN3A2,ENSG00000186470,,,,,,,,,,,
BTN2A2,ENSG00000124508,,,,,,,,,,,
BTN3A1,ENSG00000026950,,,,,,,,,,,
BTN3A3,ENSG00000111801,,,,,,,,,,,
ZNF391,ENSG00000124613,,,,,,,,,,,
ZSCAN16,ENSG00000196812,,,,,,,,,,,
ZSCAN31,ENSG00000235109,,,,,,,,,,,
ZSCAN23,ENSG00000187987,,,,,,,,,,,
ZNF311,ENSG00000197935,,,,,,,,,,,
GABBR1,ENSG00000204681,,,,,,,,,,,
HLA-A,ENSG00000206503,,,,,,,,,,,
PPP1R18,ENSG00000146112,,,,,,,,,,,
FLOT1,ENSG00000137312,,,,,,,,,,,
DDR1,ENSG00000204580,,,,,,,,,,,
HLA-C,ENSG00000204525,,,,,,,,,,,
HLA-B,ENSG00000234745,,,,,,,,,,,
ATP6V1G2,ENSG00000213760,,,,,,,,,,,
AIF1,ENSG00000204472,,,,,,,,,,,
APOM,ENSG00000204444,,,,,,,,,,,
DDAH2,ENSG00000213722,,,,,,,,,,,
SLC44A4,ENSG00000204385,,,,,,,,,,,
EHMT2,ENSG00000204371,,,,,,,,,,,
ZBTB12,ENSG00000204366,,,,,,,,,,,
TNXB,ENSG00000168477,,,,,,,,,,,
AGPAT1,ENSG00000204310,,,,,,,,,,,
RNF5,ENSG00000204308,,,,,,,,,,,
AGER,ENSG00000204305,,,,,,,,,,,
PBX2,ENSG00000204304,,,,,,,,,,,
HLA-DRA,ENSG00000204287,,,,,,,,,,,
HLA-DRB1,ENSG00000196126,,,,,,,,,,,
HLA-DQB1,ENSG00000179344,,,,,,,,,,,
PSMB8,ENSG00000204264,,,,,,,,,,,
PSMB9,ENSG00000240065,,,,,,,,,,,
TAP1,ENSG00000168394,,,,,,,,,,,
HLA-DOA,ENSG00000204252,,,,,,,,,,,
HLA-DPA1,ENSG00000231389,,,,,,,,,,,
HLA-DPB1,ENSG00000223865,,,,,,,,,,,
COL11A2,ENSG00000204248,,,,,,,,,,,
RGL2,ENSG00000237441,,,,,,,,,,,
TAPBP,ENSG00000231925,,,,,,,,,,,
PHF1,ENSG00000112511,,,,,,,,,,,
CUTA,ENSG00000112514,,,,,,,,,,,
SYNGAP1,ENSG00000197283,,,,,,,,,,,
ITPR3,ENSG00000096433,,,,,,,,,,,
NUDT3,ENSG00000272325,,,,,,,,,,,
TULP1,ENSG00000112041,,,,,,,,,,,
GLP1R,ENSG00000112164,,,,,,,,,,,
KCNK5,ENSG00000164626,,,,,,,,,,,
KCNK17,ENSG00000124780,,,,,,,,,,,
MOCS1,ENSG00000124615,,,,,,,,,,,
UNC5CL,ENSG00000124602,,,,,,,,,,,
OARD1,ENSG00000124596,,,,,,,,,,,
USP49,ENSG00000164663,,,,,,,,,,,
TRERF1,ENSG00000124496,,,,,,,,,,,
GNMT,ENSG00000124713,,,,,,,,,,,
CUL7,ENSG00000044090,,,,,,,,,,,
PTK7,ENSG00000112655,,,,,,,,,,,
CRIP3,ENSG00000146215,,,,,,,,,,,
VEGFA,ENSG00000112715,,,,,,,,,,,
C6orf223,ENSG00000181577,,,,,,,,,,,
TMEM63B,ENSG00000137216,,,,,,,,,,,
CAPN11,ENSG00000137225,,,,,,,,,,,
TMEM151B,ENSG00000178233,,,,,,,,,,,
ENPP4,ENSG00000001561,,,,,,,,,,,
ENPP5,ENSG00000112796,,,,,,,,,,,
SLC25A27,ENSG00000153291,,,,,,,,,,,
C6orf141,ENSG00000197261,,,,,,,,,,,
EFHC1,ENSG00000096093,,,,,,,,,,,
KLHL31,ENSG00000124743,,,,,,,,,,,
COL9A1,ENSG00000112280,,,,,,,,,,,
SDHAF4,ENSG00000154079,,,,,,,,,,,
HMGN3,ENSG00000118418,,,,,,,,,,,
ELOVL4,ENSG00000118402,,,,,,,,,,,
TPBG,ENSG00000146242,,,,,,,,,,,
RWDD2A,ENSG00000013392,,,,,,,,,,,
RIPPLY2,ENSG00000203877,,,,,,,,,,,
RRAGD,ENSG00000025039,,,,,,,,,,,
FUT9,ENSG00000172461,,,,,,,,,,,
GPR63,ENSG00000112218,,,,,,,,,,,
TSTD3,ENSG00000279170,,,,,,,,,,,
BVES,ENSG00000112276,,,,,,,,,,,
CD24,ENSG00000272398,,,,,,,,,,,
MICAL1,ENSG00000135596,,,,,,,,,,,
FIG4,ENSG00000112367,,,,,,,,,,,
WASF1,ENSG00000112290,,,,,,,,,,,
FYN,ENSG00000010810,,,,,,,,,,,
FAM229B,ENSG00000203778,,,,,,,,,,,
MARCKS,ENSG00000277443,,,,,,,,,,,
HS3ST5,ENSG00000249853,,,,,,,,,,,
NT5DC1,ENSG00000178425,,,,,,,,,,,
KPNA5,ENSG00000196911,,,,,,,,,,,
FAM162B,ENSG00000183807,,,,,,,,,,,
TRDN,ENSG00000186439,,,,,,,,,,,
PTPRK,ENSG00000152894,,,,,,,,,,,
TMEM200A,ENSG00000164484,,,,,,,,,,,
AKAP7,ENSG00000118507,,,,,,,,,,,
CCN2,ENSG00000118523,,,,,,,,,,,
SLC18B1,ENSG00000146409,,,,,,,,,,,
SLC2A12,ENSG00000146411,,,,,,,,,,,
MYB,ENSG00000118513,,,,,,,,,,,
MAP7,ENSG00000135525,,,,,,,,,,,
SLC35D3,ENSG00000182747,,,,,,,,,,,
ARFGEF3,ENSG00000112379,,,,,,,,,,,
HIVEP2,ENSG00000010818,,,,,,,,,,,
AIG1,ENSG00000146416,,,,,,,,,,,
UTRN,ENSG00000152818,,,,,,,,,,,
RAB32,ENSG00000118508,,,,,,,,,,,
UST,ENSG00000111962,,,,,,,,,,,
RGS17,ENSG00000091844,,,,,,,,,,,
AGPAT4,ENSG00000026652,,,,,,,,,,,
THBS2,ENSG00000186340,,,,,,,,,,,
TCTE3,ENSG00000184786,,,,,,,,,,,
DLL1,ENSG00000198719,,,,,,,,,,,
FAM20C,ENSG00000177706,,,,,,,,,,,
PRKAR1B,ENSG00000188191,,,,,,,,,,,
TMEM184A,ENSG00000164855,,,,,,,,,,,
LFNG,ENSG00000106003,,,,,,,,,,,
SLC29A4,ENSG00000164638,,,,,,,,,,,
ZNF853,ENSG00000236609,,,,,,,,,,,
C1GALT1,ENSG00000106392,,,,,,,,,,,
GLCCI1,ENSG00000106415,,,,,,,,,,,
ICA1,ENSG00000003147,,,,,,,,,,,
TMEM106B,ENSG00000106460,,,,,,,,,,,
VWDE,ENSG00000146530,,,,,,,,,,,
ARL4A,ENSG00000122644,,,,,,,,,,,
ETV1,ENSG00000006468,,,,,,,,,,,
MACC1,ENSG00000183742,,,,,,,,,,,
CDCA7L,ENSG00000164649,,,,,,,,,,,
RAPGEF5,ENSG00000136237,,,,,,,,,,,
KLHL7,ENSG00000122550,,,,,,,,,,,
IGF2BP3,ENSG00000136231,,,,,,,,,,,
TRIL,ENSG00000255690,,,,,,,,,,,
MTURN,ENSG00000180354,,,,,,,,,,,
NA,ENSG00000281039,,,,,,,,,,,
ADCYAP1R1,ENSG00000078549,,,,,,,,,,,
PPP1R17,ENSG00000106341,,,,,,,,,,,
HERPUD2,ENSG00000122557,,,,,,,,,,,
RALA,ENSG00000006451,,,,,,,,,,,
GLI3,ENSG00000106571,,,,,,,,,,,
BLVRA,ENSG00000106605,,,,,,,,,,,
AEBP1,ENSG00000106624,,,,,,,,,,,
ADCY1,ENSG00000164742,,,,,,,,,,,
GRB10,ENSG00000106070,,,,,,,,,,,
VOPP1,ENSG00000154978,,,,,,,,,,,
AUTS2,ENSG00000158321,,,,,,,,,,,
MLXIPL,ENSG00000009950,,,,,,,,,,,
CLDN3,ENSG00000165215,,,,,,,,,,,
LIMK1,ENSG00000106683,,,,,,,,,,,
CLIP2,ENSG00000106665,,,,,,,,,,,
GTF2IRD1,ENSG00000006704,,,,,,,,,,,
HIP1,ENSG00000127946,,,,,,,,,,,
CCL26,ENSG00000006606,,,,,,,,,,,
SRRM3,ENSG00000177679,,,,,,,,,,,
SSC4D,ENSG00000146700,,,,,,,,,,,
UPK3B,ENSG00000243566,,,,,,,,,,,
TMEM60,ENSG00000135211,,,,,,,,,,,
KIAA1324L,ENSG00000164659,,,,,,,,,,,
TMEM243,ENSG00000135185,,,,,,,,,,,
CROT,ENSG00000005469,,,,,,,,,,,
ADAM22,ENSG00000008277,,,,,,,,,,,
SRI,ENSG00000075142,,,,,,,,,,,
STEAP1,ENSG00000164647,,,,,,,,,,,
STEAP2,ENSG00000157214,,,,,,,,,,,
CFAP69,ENSG00000105792,,,,,,,,,,,
CDK6,ENSG00000105810,,,,,,,,,,,
GNGT1,ENSG00000127928,,,,,,,,,,,
GNG11,ENSG00000127920,,,,,,,,,,,
BET1,ENSG00000105829,,,,,,,,,,,
SGCE,ENSG00000127990,,,,,,,,,,,
TAC1,ENSG00000006128,,,,,,,,,,,
ASNS,ENSG00000070669,,,,,,,,,,,
NPTX2,ENSG00000106236,,,,,,,,,,,
TMEM130,ENSG00000166448,,,,,,,,,,,
GJC3,ENSG00000176402,,,,,,,,,,,
AZGP1,ENSG00000160862,,,,,,,,,,,
GAL3ST4,ENSG00000197093,,,,,,,,,,,
GPC2,ENSG00000213420,,,,,,,,,,,
CASTOR3,ENSG00000239521,,,,,,,,,,,
PILRA,ENSG00000085514,,,,,,,,,,,
ZCWPW1,ENSG00000078487,,,,,,,,,,,
PPP1R35,ENSG00000160813,,,,,,,,,,,
NYAP1,ENSG00000166924,,,,,,,,,,,
PCOLCE,ENSG00000106333,,,,,,,,,,,
ACTL6B,ENSG00000077080,,,,,,,,,,,
MUC3A,ENSG00000169894,,,,,,,,,,,
COL26A1,ENSG00000160963,,,,,,,,,,,
CUX1,ENSG00000257923,,,,,,,,,,,
ORAI2,ENSG00000160991,,,,,,,,,,,
LRRC17,ENSG00000128606,,,,,,,,,,,
KMT2E,ENSG00000005483,,,,,,,,,,,
CDHR3,ENSG00000128536,,,,,,,,,,,
PRKAR2B,ENSG00000005249,,,,,,,,,,,
BMT2,ENSG00000164603,,,,,,,,,,,
CTTNBP2,ENSG00000077063,,,,,,,,,,,
TSPAN12,ENSG00000106025,,,,,,,,,,,
PTPRZ1,ENSG00000106278,,,,,,,,,,,
AASS,ENSG00000008311,,,,,,,,,,,
FEZF1,ENSG00000128610,,,,,,,,,,,
GPR37,ENSG00000170775,,,,,,,,,,,
LRRC4,ENSG00000128594,,,,,,,,,,,
FAM71F1,ENSG00000135248,,,,,,,,,,,
CCDC136,ENSG00000128596,,,,,,,,,,,
IRF5,ENSG00000128604,,,,,,,,,,,
SMO,ENSG00000128602,,,,,,,,,,,
UBE2H,ENSG00000186591,,,,,,,,,,,
KLHDC10,ENSG00000128607,,,,,,,,,,,
COPG2,ENSG00000158623,,,,,,,,,,,
PODXL,ENSG00000128567,,,,,,,,,,,
LRGUK,ENSG00000155530,,,,,,,,,,,
TRIM24,ENSG00000122779,,,,,,,,,,,
HIPK2,ENSG00000064393,,,,,,,,,,,
TMEM178B,ENSG00000261115,,,,,,,,,,,
DENND11,ENSG00000257093,,,,,,,,,,,
EPHB6,ENSG00000106123,,,,,,,,,,,
KEL,ENSG00000197993,,,,,,,,,,,
FAM131B,ENSG00000159784,,,,,,,,,,,
EPHA1,ENSG00000146904,,,,,,,,,,,
TCAF1,ENSG00000198420,,,,,,,,,,,
ZNF425,ENSG00000204947,,,,,,,,,,,
ZNF783,ENSG00000204946,,,,,,,,,,,
ZNF862,ENSG00000106479,,,,,,,,,,,
RARRES2,ENSG00000106538,,,,,,,,,,,
ZNF775,ENSG00000196456,,,,,,,,,,,
NA,ENSG00000284691,,,,,,,,,,,
WDR86,ENSG00000187260,,,,,,,,,,,
CRYGN,ENSG00000127377,,,,,,,,,,,
WDR60,ENSG00000126870,,,,,,,,,,,
VIPR2,ENSG00000106018,,,,,,,,,,,
PPP2R3B,ENSG00000167393,,,,,,,,,,,
ASMTL,ENSG00000169093,,,,,,,,,,,
CD99,ENSG00000002586,,,,,,,,,,,
XG,ENSG00000124343,,,,,,,,,,,
GYG2,ENSG00000056998,,,,,,,,,,,
ARSD,ENSG00000006756,,,,,,,,,,,
NLGN4X,ENSG00000146938,,,,,,,,,,,
ANOS1,ENSG00000011201,,,,,,,,,,,
TBL1X,ENSG00000101849,,,,,,,,,,,
GPR143,ENSG00000101850,,,,,,,,,,,
WWC3,ENSG00000047644,,,,,,,,,,,
CLCN4,ENSG00000073464,,,,,,,,,,,
TMSB4X,ENSG00000205542,,,,,,,,,,,
GPM6B,ENSG00000046653,,,,,,,,,,,
AP1S2,ENSG00000182287,,,,,,,,,,,
GRPR,ENSG00000126010,,,,,,,,,,,
MAGEB17,ENSG00000182798,,,,,,,,,,,
CTPS2,ENSG00000047230,,,,,,,,,,,
ADGRG2,ENSG00000173698,,,,,,,,,,,
SMS,ENSG00000102172,,,,,,,,,,,
PTCHD1,ENSG00000165186,,,,,,,,,,,
ACOT9,ENSG00000123130,,,,,,,,,,,
PDK3,ENSG00000067992,,,,,,,,,,,
PCYT1B,ENSG00000102230,,,,,,,,,,,
TMEM47,ENSG00000147027,,,,,,,,,,,
TSPAN7,ENSG00000156298,,,,,,,,,,,
MED14,ENSG00000180182,,,,,,,,,,,
USP9X,ENSG00000124486,,,,,,,,,,,
CASK,ENSG00000147044,,,,,,,,,,,
MAOA,ENSG00000189221,,,,,,,,,,,
CHST7,ENSG00000147119,,,,,,,,,,,
SLC9A7,ENSG00000065923,,,,,,,,,,,
USP11,ENSG00000102226,,,,,,,,,,,
SYN1,ENSG00000008056,,,,,,,,,,,
TIMP1,ENSG00000102265,,,,,,,,,,,
SLC38A5,ENSG00000017483,,,,,,,,,,,
PIM2,ENSG00000102096,,,,,,,,,,,
KCND1,ENSG00000102057,,,,,,,,,,,
GRIPAP1,ENSG00000068400,,,,,,,,,,,
TFE3,ENSG00000068323,,,,,,,,,,,
PRAF2,ENSG00000243279,,,,,,,,,,,
PLP2,ENSG00000102007,,,,,,,,,,,
SYP,ENSG00000102003,,,,,,,,,,,
CACNA1F,ENSG00000102001,,,,,,,,,,,
PPP1R3F,ENSG00000049769,,,,,,,,,,,
USP27X,ENSG00000273820,,,,,,,,,,,
DGKK,ENSG00000274588,,,,,,,,,,,
NUDT10,ENSG00000122824,,,,,,,,,,,
NUDT11,ENSG00000196368,,,,,,,,,,,
CENPVL3,ENSG00000224109,,,,,,,,,,,
GSPT2,ENSG00000189369,,,,,,,,,,,
GPR173,ENSG00000184194,,,,,,,,,,,
IQSEC2,ENSG00000124313,,,,,,,,,,,
WNK3,ENSG00000196632,,,,,,,,,,,
FGD1,ENSG00000102302,,,,,,,,,,,
TRO,ENSG00000067445,,,,,,,,,,,
NBDY,ENSG00000204272,,,,,,,,,,,
SPIN3,ENSG00000204271,,,,,,,,,,,
SPIN2A,ENSG00000147059,,,,,,,,,,,
ARHGEF9,ENSG00000131089,,,,,,,,,,,
AMER1,ENSG00000184675,,,,,,,,,,,
ASB12,ENSG00000198881,,,,,,,,,,,
ZC4H2,ENSG00000126970,,,,,,,,,,,
HEPH,ENSG00000089472,,,,,,,,,,,
AR,ENSG00000169083,,,,,,,,,,,
STARD8,ENSG00000130052,,,,,,,,,,,
PJA1,ENSG00000181191,,,,,,,,,,,
FAM155B,ENSG00000130054,,,,,,,,,,,
GDPD2,ENSG00000130055,,,,,,,,,,,
SLC7A3,ENSG00000165349,,,,,,,,,,,
FOXO4,ENSG00000184481,,,,,,,,,,,
MED12,ENSG00000184634,,,,,,,,,,,
NLGN3,ENSG00000196338,,,,,,,,,,,
OGT,ENSG00000147162,,,,,,,,,,,
NHSL2,ENSG00000204131,,,,,,,,,,,
RTL5,ENSG00000242732,,,,,,,,,,,
NAP1L2,ENSG00000186462,,,,,,,,,,,
CDX4,ENSG00000131264,,,,,,,,,,,
CHIC1,ENSG00000204116,,,,,,,,,,,
MAGEE1,ENSG00000198934,,,,,,,,,,,
FGF16,ENSG00000196468,,,,,,,,,,,
TAF9B,ENSG00000187325,,,,,,,,,,,
LPAR4,ENSG00000147145,,,,,,,,,,,
ITM2A,ENSG00000078596,,,,,,,,,,,
HMGN5,ENSG00000198157,,,,,,,,,,,
SH3BGRL,ENSG00000131171,,,,,,,,,,,
POU3F4,ENSG00000196767,,,,,,,,,,,
RPS6KA6,ENSG00000072133,,,,,,,,,,,
ZNF711,ENSG00000147180,,,,,,,,,,,
KLHL4,ENSG00000102271,,,,,,,,,,,
PABPC5,ENSG00000174740,,,,,,,,,,,
NAP1L3,ENSG00000186310,,,,,,,,,,,
TMEM35A,ENSG00000126950,,,,,,,,,,,
ARMCX4,ENSG00000196440,,,,,,,,,,,
ARMCX1,ENSG00000126947,,,,,,,,,,,
ARMCX6,ENSG00000198960,,,,,,,,,,,
ARMCX2,ENSG00000184867,,,,,,,,,,,
ZMAT1,ENSG00000166432,,,,,,,,,,,
TCEAL2,ENSG00000184905,,,,,,,,,,,
BEX5,ENSG00000184515,,,,,,,,,,,
TMSB15A,ENSG00000158164,,,,,,,,,,,
GPRASP1,ENSG00000198932,,,,,,,,,,,
BEX1,ENSG00000133169,,,,,,,,,,,
BEX4,ENSG00000102409,,,,,,,,,,,
TCEAL5,ENSG00000204065,,,,,,,,,,,
BEX2,ENSG00000133134,,,,,,,,,,,
TCEAL7,ENSG00000182916,,,,,,,,,,,
BEX3,ENSG00000166681,,,,,,,,,,,
TCEAL3,ENSG00000196507,,,,,,,,,,,
TCEAL1,ENSG00000172465,,,,,,,,,,,
PLP1,ENSG00000123560,,,,,,,,,,,
RAB9B,ENSG00000123570,,,,,,,,,,,
SLC25A53,ENSG00000269743,,,,,,,,,,,
ZCCHC18,ENSG00000166707,,,,,,,,,,,
TBC1D8B,ENSG00000133138,,,,,,,,,,,
TSC22D3,ENSG00000157514,,,,,,,,,,,
COL4A5,ENSG00000188153,,,,,,,,,,,
IRS4,ENSG00000260548,,,,,,,,,,,
IRS4,ENSG00000133124,,,,,,,,,,,
KCNE5,ENSG00000176076,,,,,,,,,,,
CHRDL1,ENSG00000101938,,,,,,,,,,,
PAK3,ENSG00000077264,,,,,,,,,,,
SERTM2,ENSG00000260802,,,,,,,,,,,
RTL4,ENSG00000187823,,,,,,,,,,,
LRCH2,ENSG00000130224,,,,,,,,,,,
IL13RA1,ENSG00000131724,,,,,,,,,,,
PGRMC1,ENSG00000101856,,,,,,,,,,,
SEPTIN6,ENSG00000125354,,,,,,,,,,,
DCAF12L1,ENSG00000198889,,,,,,,,,,,
SMARCA1,ENSG00000102038,,,,,,,,,,,
APLN,ENSG00000171388,,,,,,,,,,,
RAB33A,ENSG00000134594,,,,,,,,,,,
ZNF280C,ENSG00000056277,,,,,,,,,,,
STK26,ENSG00000134602,,,,,,,,,,,
GPC4,ENSG00000076716,,,,,,,,,,,
CCDC160,ENSG00000203952,,,,,,,,,,,
SMIM10L2B,ENSG00000196972,,,,,,,,,,,
FHL1,ENSG00000022267,,,,,,,,,,,
ZIC3,ENSG00000156925,,,,,,,,,,,
SOX3,ENSG00000134595,,,,,,,,,,,
LDOC1,ENSG00000182195,,,,,,,,,,,
SLITRK4,ENSG00000179542,,,,,,,,,,,
CD99L2,ENSG00000102181,,,,,,,,,,,
PRRG3,ENSG00000130032,,,,,,,,,,,
MAGEA4,ENSG00000147381,,,,,,,,,,,
ZNF185,ENSG00000147394,,,,,,,,,,,
PNMA3,ENSG00000183837,,,,,,,,,,,
PNMA6A,ENSG00000235961,,,,,,,,,,,
ZNF275,ENSG00000063587,,,,,,,,,,,
PNCK,ENSG00000130822,,,,,,,,,,,
PDZD4,ENSG00000067840,,,,,,,,,,,
L1CAM,ENSG00000198910,,,,,,,,,,,
ARHGAP4,ENSG00000089820,,,,,,,,,,,
DNASE1L1,ENSG00000013563,,,,,,,,,,,
TAZ,ENSG00000102125,,,,,,,,,,,
F8A1,ENSG00000277203,,,,,,,,,,,
RAB39B,ENSG00000155961,,,,,,,,,,,
SPRY3,ENSG00000168939,,,,,,,,,,,
KBTBD11,ENSG00000176595,,,,,,,,,,,
AGPAT5,ENSG00000155189,,,,,,,,,,,
XKR5,ENSG00000275591,,,,,,,,,,,
TNKS,ENSG00000173273,,,,,,,,,,,
XKR6,ENSG00000171044,,,,,,,,,,,
FAM86B1,ENSG00000186523,,,,,,,,,,,
MICU3,ENSG00000155970,,,,,,,,,,,
ZDHHC2,ENSG00000104219,,,,,,,,,,,
NAT2,ENSG00000156006,,,,,,,,,,,
LPL,ENSG00000175445,,,,,,,,,,,
PHYHIP,ENSG00000168490,,,,,,,,,,,
PIWIL2,ENSG00000197181,,,,,,,,,,,
TNFRSF10B,ENSG00000120889,,,,,,,,,,,
TNFRSF10D,ENSG00000173530,,,,,,,,,,,
TNFRSF10A,ENSG00000104689,,,,,,,,,,,
LOXL2,ENSG00000134013,,,,,,,,,,,
NKX3-1,ENSG00000167034,,,,,,,,,,,
STC1,ENSG00000159167,,,,,,,,,,,
NEFM,ENSG00000104722,,,,,,,,,,,
NEFL,ENSG00000277586,,,,,,,,,,,
BNIP3L,ENSG00000104765,,,,,,,,,,,
PNMA2,ENSG00000240694,,,,,,,,,,,
DPYSL2,ENSG00000092964,,,,,,,,,,,
EPHX2,ENSG00000120915,,,,,,,,,,,
CLU,ENSG00000120885,,,,,,,,,,,
FZD3,ENSG00000104290,,,,,,,,,,,
DUSP4,ENSG00000120875,,,,,,,,,,,
RBPMS,ENSG00000157110,,,,,,,,,,,
TEX15,ENSG00000133863,,,,,,,,,,,
PURG,ENSG00000172733,,,,,,,,,,,
RNF122,ENSG00000133874,,,,,,,,,,,
DUSP26,ENSG00000133878,,,,,,,,,,,
UNC5D,ENSG00000156687,,,,,,,,,,,
PLPP5,ENSG00000147535,,,,,,,,,,,
FGFR1,ENSG00000077782,,,,,,,,,,,
IDO1,ENSG00000131203,,,,,,,,,,,
ZMAT4,ENSG00000165061,,,,,,,,,,,
SFRP1,ENSG00000104332,,,,,,,,,,,
PLAT,ENSG00000104368,,,,,,,,,,,
PCMTD1,ENSG00000168300,,,,,,,,,,,
PLAG1,ENSG00000181690,,,,,,,,,,,
TOX,ENSG00000198846,,,,,,,,,,,
ASPH,ENSG00000198363,,,,,,,,,,,
PREX2,ENSG00000046889,,,,,,,,,,,
SULF1,ENSG00000137573,,,,,,,,,,,
TERF1,ENSG00000147601,,,,,,,,,,,
JPH1,ENSG00000104369,,,,,,,,,,,
GDAP1,ENSG00000104381,,,,,,,,,,,
PKIA,ENSG00000171033,,,,,,,,,,,
ZC2HC1A,ENSG00000104427,,,,,,,,,,,
E2F5,ENSG00000133740,,,,,,,,,,,
MMP16,ENSG00000156103,,,,,,,,,,,
RIPK2,ENSG00000104312,,,,,,,,,,,
TMEM64,ENSG00000180694,,,,,,,,,,,
NECAB1,ENSG00000123119,,,,,,,,,,,
C8orf88,ENSG00000253250,,,,,,,,,,,
PIP4P2,ENSG00000155099,,,,,,,,,,,
RUNX1T1,ENSG00000079102,,,,,,,,,,,
TRIQK,ENSG00000205133,,,,,,,,,,,
GEM,ENSG00000164949,,,,,,,,,,,
SDC2,ENSG00000169439,,,,,,,,,,,
FBXO43,ENSG00000156509,,,,,,,,,,,
RRM2B,ENSG00000048392,,,,,,,,,,,
UBR5,ENSG00000104517,,,,,,,,,,,
LRP12,ENSG00000147650,,,,,,,,,,,
AARD,ENSG00000205002,,,,,,,,,,,
MAL2,ENSG00000147676,,,,,,,,,,,
SNTB1,ENSG00000172164,,,,,,,,,,,
ZHX2,ENSG00000178764,,,,,,,,,,,
TBC1D31,ENSG00000156787,,,,,,,,,,,
WDYHV1,ENSG00000156795,,,,,,,,,,,
TMEM65,ENSG00000164983,,,,,,,,,,,
TRIB1,ENSG00000173334,,,,,,,,,,,
MYC,ENSG00000136997,,,,,,,,,,,
GPR20,ENSG00000204882,,,,,,,,,,,
PTP4A3,ENSG00000184489,,,,,,,,,,,
TSNARE1,ENSG00000171045,,,,,,,,,,,
ARC,ENSG00000198576,,,,,,,,,,,
RHPN1,ENSG00000158106,,,,,,,,,,,
GSDMD,ENSG00000104518,,,,,,,,,,,
MAPK15,ENSG00000181085,,,,,,,,,,,
MFSD3,ENSG00000167700,,,,,,,,,,,
ZNF251,ENSG00000198169,,,,,,,,,,,
KANK1,ENSG00000107104,,,,,,,,,,,
VLDLR,ENSG00000147852,,,,,,,,,,,
PLPP6,ENSG00000205808,,,,,,,,,,,
AK3,ENSG00000147853,,,,,,,,,,,
RLN1,ENSG00000107014,,,,,,,,,,,
RANBP6,ENSG00000137040,,,,,,,,,,,
UHRF2,ENSG00000147854,,,,,,,,,,,
TTC39B,ENSG00000155158,,,,,,,,,,,
PSIP1,ENSG00000164985,,,,,,,,,,,
BNC2,ENSG00000173068,,,,,,,,,,,
FOCAD,ENSG00000188352,,,,,,,,,,,
DMRTA1,ENSG00000176399,,,,,,,,,,,
ELAVL2,ENSG00000107105,,,,,,,,,,,
TEK,ENSG00000120156,,,,,,,,,,,
C9orf72,ENSG00000147894,,,,,,,,,,,
ACO1,ENSG00000122729,,,,,,,,,,,
DDX58,ENSG00000107201,,,,,,,,,,,
SMIM27,ENSG00000235453,,,,,,,,,,,
TMEM215,ENSG00000188133,,,,,,,,,,,
UBE2R2,ENSG00000107341,,,,,,,,,,,
ENHO,ENSG00000168913,,,,,,,,,,,
SIGMAR1,ENSG00000147955,,,,,,,,,,,
IL11RA,ENSG00000137070,,,,,,,,,,,
LOC730098,ENSG00000187186,,,,,,,,,,,
DNAJB5,ENSG00000137094,,,,,,,,,,,
CD72,ENSG00000137101,,,,,,,,,,,
SIT1,ENSG00000137078,,,,,,,,,,,
NPR2,ENSG00000159899,,,,,,,,,,,
TMEM8B,ENSG00000137103,,,,,,,,,,,
RECK,ENSG00000122707,,,,,,,,,,,
IGFBPL1,ENSG00000137142,,,,,,,,,,,
FAM95C,ENSG00000283486,,,,,,,,,,,
ANKRD18A,ENSG00000180071,,,,,,,,,,,
ZNF658,ENSG00000274349,,,,,,,,,,,
FAM189A2,ENSG00000135063,,,,,,,,,,,
MAMDC2,ENSG00000165072,,,,,,,,,,,
ZFAND5,ENSG00000107372,,,,,,,,,,,
NMRK1,ENSG00000106733,,,,,,,,,,,
PSAT1,ENSG00000135069,,,,,,,,,,,
TLE4,ENSG00000106829,,,,,,,,,,,
RASEF,ENSG00000165105,,,,,,,,,,,
GAS1,ENSG00000180447,,,,,,,,,,,
SPATA31E1,ENSG00000177992,,,,,,,,,,,
SECISBP2,ENSG00000187742,,,,,,,,,,,
SEMA4D,ENSG00000187764,,,,,,,,,,,
C9orf129,ENSG00000204352,,,,,,,,,,,
PTPDC1,ENSG00000158079,,,,,,,,,,,
HABP4,ENSG00000130956,,,,,,,,,,,
CDC14B,ENSG00000081377,,,,,,,,,,,
MFSD14C,ENSG00000196312,,,,,,,,,,,
CCDC180,ENSG00000197816,,,,,,,,,,,
ANKS6,ENSG00000165138,,,,,,,,,,,
GALNT12,ENSG00000119514,,,,,,,,,,,
MSANTD3,ENSG00000066697,,,,,,,,,,,
CAVIN4,ENSG00000170681,,,,,,,,,,,
PGAP4,ENSG00000165152,,,,,,,,,,,
FRRS1L,ENSG00000260230,,,,,,,,,,,
ZNF483,ENSG00000173258,,,,,,,,,,,
ZNF883,ENSG00000285447,,,,,,,,,,,
ZNF618,ENSG00000157657,,,,,,,,,,,
TMEM268,ENSG00000157693,,,,,,,,,,,
TNC,ENSG00000041982,,,,,,,,,,,
BRINP1,ENSG00000078725,,,,,,,,,,,
TRAF1,ENSG00000056558,,,,,,,,,,,
CNTRL,ENSG00000119397,,,,,,,,,,,
GSN,ENSG00000148180,,,,,,,,,,,
PTGS1,ENSG00000095303,,,,,,,,,,,
ZBTB26,ENSG00000171448,,,,,,,,,,,
GPR21,ENSG00000011454,,,,,,,,,,,
CRB2,ENSG00000148204,,,,,,,,,,,
RALGPS1,ENSG00000136828,,,,,,,,,,,
ANGPTL2,ENSG00000136859,,,,,,,,,,,
GARNL3,ENSG00000136895,,,,,,,,,,,
LRSAM1,ENSG00000148356,,,,,,,,,,,
STXBP1,ENSG00000136854,,,,,,,,,,,
SH2D3C,ENSG00000095370,,,,,,,,,,,
ST6GALNAC4,ENSG00000136840,,,,,,,,,,,
PIP5KL1,ENSG00000167103,,,,,,,,,,,
DNM1,ENSG00000106976,,,,,,,,,,,
PKN3,ENSG00000160447,,,,,,,,,,,
ZER1,ENSG00000160445,,,,,,,,,,,
CRAT,ENSG00000095321,,,,,,,,,,,
NCS1,ENSG00000107130,,,,,,,,,,,
HMCN2,ENSG00000148357,,,,,,,,,,,
ASS1,ENSG00000130707,,,,,,,,,,,
AIF1L,ENSG00000126878,,,,,,,,,,,
ADAMTS13,ENSG00000160323,,,,,,,,,,,
CACFD1,ENSG00000160325,,,,,,,,,,,
SLC2A6,ENSG00000160326,,,,,,,,,,,
OLFM1,ENSG00000130558,,,,,,,,,,,
PPP1R26,ENSG00000196422,,,,,,,,,,,
GPSM1,ENSG00000160360,,,,,,,,,,,
NOTCH1,ENSG00000148400,,,,,,,,,,,
NA,ENSG00000272896,,,,,,,,,,,
ABCA2,ENSG00000107331,,,,,,,,,,,
NPDC1,ENSG00000107281,,,,,,,,,,,
TOR4A,ENSG00000198113,,,,,,,,,,,
NRARP,ENSG00000198435,,,,,,,,,,,
EXD3,ENSG00000187609,,,,,,,,,,,
NOXA1,ENSG00000188747,,,,,,,,,,,
NSMF,ENSG00000165802,,,,,,,,,,,
PGGHG,ENSG00000142102,,,,,,,,,,,
B4GALNT4,ENSG00000182272,,,,,,,,,,,
ANO9,ENSG00000185101,,,,,,,,,,,
DRD4,ENSG00000069696,,,,,,,,,,,
GATD1,ENSG00000177225,,,,,,,,,,,
CEND1,ENSG00000184524,,,,,,,,,,,
CRACR2B,ENSG00000177685,,,,,,,,,,,
TSPAN4,ENSG00000214063,,,,,,,,,,,
BRSK2,ENSG00000174672,,,,,,,,,,,
ART5,ENSG00000167311,,,,,,,,,,,
TRIM21,ENSG00000132109,,,,,,,,,,,
OR52A1,ENSG00000182070,,,,,,,,,,,
TRIM22,ENSG00000132274,,,,,,,,,,,
CAVIN3,ENSG00000170955,,,,,,,,,,,
APBB1,ENSG00000166313,,,,,,,,,,,
NA,ENSG00000283977,,,,,,,,,,,
DNHD1,ENSG00000179532,,,,,,,,,,,
CYB5R2,ENSG00000166394,,,,,,,,,,,
OVCH2,ENSG00000183378,,,,,,,,,,,
TUB,ENSG00000166402,,,,,,,,,,,
DENND2B,ENSG00000166444,,,,,,,,,,,
ADM,ENSG00000148926,,,,,,,,,,,
ZBED5,ENSG00000236287,,,,,,,,,,,
DKK3,ENSG00000050165,,,,,,,,,,,
PDE3B,ENSG00000152270,,,,,,,,,,,
CYP2R1,ENSG00000186104,,,,,,,,,,,
CALCA,ENSG00000110680,,,,,,,,,,,
KCNJ11,ENSG00000187486,,,,,,,,,,,
USH1C,ENSG00000006611,,,,,,,,,,,
PTPN5,ENSG00000110786,,,,,,,,,,,
ZDHHC13,ENSG00000177054,,,,,,,,,,,
FANCF,ENSG00000183161,,,,,,,,,,,
SVIP,ENSG00000198168,,,,,,,,,,,
SLC5A12,ENSG00000148942,,,,,,,,,,,
QSER1,ENSG00000060749,,,,,,,,,,,
TCP11L1,ENSG00000176148,,,,,,,,,,,
FBXO3,ENSG00000110429,,,,,,,,,,,
LDLRAD3,ENSG00000179241,,,,,,,,,,,
C11orf74,ENSG00000166352,,,,,,,,,,,
TTC17,ENSG00000052841,,,,,,,,,,,
ACCS,ENSG00000110455,,,,,,,,,,,
TP53I11,ENSG00000175274,,,,,,,,,,,
SYT13,ENSG00000019505,,,,,,,,,,,
MAPK8IP1,ENSG00000121653,,,,,,,,,,,
PHF21A,ENSG00000135365,,,,,,,,,,,
DDB2,ENSG00000134574,,,,,,,,,,,
SLC39A13,ENSG00000165915,,,,,,,,,,,
LRRC55,ENSG00000183908,,,,,,,,,,,
P2RX3,ENSG00000109991,,,,,,,,,,,
SLC43A3,ENSG00000134802,,,,,,,,,,,
RTN4RL2,ENSG00000186907,,,,,,,,,,,
SLC43A1,ENSG00000149150,,,,,,,,,,,
UBE2L6,ENSG00000156587,,,,,,,,,,,
SERPING1,ENSG00000149131,,,,,,,,,,,
GLYATL2,ENSG00000156689,,,,,,,,,,,
GLYATL1,ENSG00000166840,,,,,,,,,,,
FAM111A,ENSG00000166801,,,,,,,,,,,
SLC15A3,ENSG00000110446,,,,,,,,,,,
VWCE,ENSG00000167992,,,,,,,,,,,
CYB561A3,ENSG00000162144,,,,,,,,,,,
TMEM216,ENSG00000187049,,,,,,,,,,,
PPP1R32,ENSG00000162148,,,,,,,,,,,
SYT7,ENSG00000011347,,,,,,,,,,,
FADS2,ENSG00000134824,,,,,,,,,,,
FADS1,ENSG00000149485,,,,,,,,,,,
GNG3,ENSG00000162188,,,,,,,,,,,
ZBTB3,ENSG00000185670,,,,,,,,,,,
PLAAT5,ENSG00000168004,,,,,,,,,,,
PLAAT4,ENSG00000133321,,,,,,,,,,,
RTN3,ENSG00000133318,,,,,,,,,,,
C11orf95,ENSG00000188070,,,,,,,,,,,
SPINDOC,ENSG00000168005,,,,,,,,,,,
RCOR2,ENSG00000167771,,,,,,,,,,,
CCDC88B,ENSG00000168071,,,,,,,,,,,
RASGRP2,ENSG00000068831,,,,,,,,,,,
PYGM,ENSG00000068976,,,,,,,,,,,
BATF2,ENSG00000168062,,,,,,,,,,,
NAALADL1,ENSG00000168060,,,,,,,,,,,
TM7SF2,ENSG00000149809,,,,,,,,,,,
CAPN1,ENSG00000014216,,,,,,,,,,,
LTBP3,ENSG00000168056,,,,,,,,,,,
SIPA1,ENSG00000213445,,,,,,,,,,,
SNX32,ENSG00000172803,,,,,,,,,,,
EFEMP2,ENSG00000172638,,,,,,,,,,,
TSGA10IP,ENSG00000175513,,,,,,,,,,,
GAL3ST3,ENSG00000175229,,,,,,,,,,,
TMEM151A,ENSG00000179292,,,,,,,,,,,
CD248,ENSG00000174807,,,,,,,,,,,
RIN1,ENSG00000174791,,,,,,,,,,,
ZDHHC24,ENSG00000174165,,,,,,,,,,,
ACTN3,ENSG00000248746,,,,,,,,,,,
RBM4,ENSG00000173933,,,,,,,,,,,
SPTBN2,ENSG00000173898,,,,,,,,,,,
LRFN4,ENSG00000173621,,,,,,,,,,,
SYT12,ENSG00000173227,,,,,,,,,,,
RHOD,ENSG00000173156,,,,,,,,,,,
SSH3,ENSG00000172830,,,,,,,,,,,
CARNS1,ENSG00000172508,,,,,,,,,,,
CHKA,ENSG00000110721,,,,,,,,,,,
LRP5,ENSG00000162337,,,,,,,,,,,
TESMIN,ENSG00000132749,,,,,,,,,,,
MRGPRF,ENSG00000172935,,,,,,,,,,,
FGF19,ENSG00000162344,,,,,,,,,,,
ATG16L2,ENSG00000168010,,,,,,,,,,,
PLEKHB1,ENSG00000021300,,,,,,,,,,,
PGM2L1,ENSG00000165434,,,,,,,,,,,
LIPT2,ENSG00000175536,,,,,,,,,,,
DGAT2,ENSG00000062282,,,,,,,,,,,
GVQW3,ENSG00000179240,,,,,,,,,,,
PAK1,ENSG00000149269,,,,,,,,,,,
RSF1,ENSG00000048649,,,,,,,,,,,
KCTD14,ENSG00000151364,,,,,,,,,,,
PRCP,ENSG00000137509,,,,,,,,,,,
RAB38,ENSG00000123892,,,,,,,,,,,
FAT3,ENSG00000165323,,,,,,,,,,,
SLC36A4,ENSG00000180773,,,,,,,,,,,
PANX1,ENSG00000110218,,,,,,,,,,,
AMOTL1,ENSG00000166025,,,,,,,,,,,
TMEM123,ENSG00000152558,,,,,,,,,,,
MSANTD4,ENSG00000170903,,,,,,,,,,,
C11orf87,ENSG00000185742,,,,,,,,,,,
COLCA2,ENSG00000214290,,,,,,,,,,,
LAYN,ENSG00000204381,,,,,,,,,,,
PPP2R1B,ENSG00000137713,,,,,,,,,,,
C11orf1,ENSG00000137720,,,,,,,,,,,
CRYAB,ENSG00000109846,,,,,,,,,,,
DIXDC1,ENSG00000150764,,,,,,,,,,,
TTC12,ENSG00000149292,,,,,,,,,,,
HTR3A,ENSG00000166736,,,,,,,,,,,
RBM7,ENSG00000076053,,,,,,,,,,,
SCN4B,ENSG00000177098,,,,,,,,,,,
MPZL3,ENSG00000160588,,,,,,,,,,,
MPZL2,ENSG00000149573,,,,,,,,,,,
KMT2A,ENSG00000118058,,,,,,,,,,,
PHLDB1,ENSG00000019144,,,,,,,,,,,
ABCG4,ENSG00000172350,,,,,,,,,,,
NLRX1,ENSG00000160703,,,,,,,,,,,
CCDC153,ENSG00000248712,,,,,,,,,,,
USP2,ENSG00000036672,,,,,,,,,,,
THY1,ENSG00000154096,,,,,,,,,,,
NECTIN1,ENSG00000110400,,,,,,,,,,,
TLCD5,ENSG00000181264,,,,,,,,,,,
SC5D,ENSG00000109929,,,,,,,,,,,
SORL1,ENSG00000137642,,,,,,,,,,,
GRAMD1B,ENSG00000023171,,,,,,,,,,,
ZNF202,ENSG00000166261,,,,,,,,,,,
VWA5A,ENSG00000110002,,,,,,,,,,,
ROBO3,ENSG00000154134,,,,,,,,,,,
FEZ1,ENSG00000149557,,,,,,,,,,,
DDX25,ENSG00000109832,,,,,,,,,,,
DCPS,ENSG00000110063,,,,,,,,,,,
ADAMTS8,ENSG00000134917,,,,,,,,,,,
THYN1,ENSG00000151500,,,,,,,,,,,
GLB1L2,ENSG00000149328,,,,,,,,,,,
B3GAT1,ENSG00000109956,,,,,,,,,,,
ZMYND11,ENSG00000015171,,,,,,,,,,,
AKR1C1,ENSG00000187134,,,,,,,,,,,
NET1,ENSG00000173848,,,,,,,,,,,
ASB13,ENSG00000196372,,,,,,,,,,,
PRKCQ,ENSG00000065675,,,,,,,,,,,
SFMBT2,ENSG00000198879,,,,,,,,,,,
ITIH5,ENSG00000123243,,,,,,,,,,,
KIN,ENSG00000151657,,,,,,,,,,,
NUDT5,ENSG00000165609,,,,,,,,,,,
OPTN,ENSG00000123240,,,,,,,,,,,
PHYH,ENSG00000107537,,,,,,,,,,,
SEPHS1,ENSG00000086475,,,,,,,,,,,
SUV39H2,ENSG00000152455,,,,,,,,,,,
ACBD7,ENSG00000176244,,,,,,,,,,,
C1QL3,ENSG00000165985,,,,,,,,,,,
TRDMT1,ENSG00000107614,,,,,,,,,,,
VIM,ENSG00000026025,,,,,,,,,,,
HACD1,ENSG00000165996,,,,,,,,,,,
NSUN6,ENSG00000241058,,,,,,,,,,,
ARL5B,ENSG00000165997,,,,,,,,,,,
PLXDC2,ENSG00000120594,,,,,,,,,,,
NEBL,ENSG00000078114,,,,,,,,,,,
MIR1915HG,ENSG00000204682,,,,,,,,,,,
SKIDA1,ENSG00000180592,,,,,,,,,,,
MSRB2,ENSG00000148450,,,,,,,,,,,
THNSL1,ENSG00000185875,,,,,,,,,,,
WAC,ENSG00000095787,,,,,,,,,,,
ITGB1,ENSG00000150093,,,,,,,,,,,
ZNF25,ENSG00000175395,,,,,,,,,,,
ZNF33A,ENSG00000189180,,,,,,,,,,,
ZNF33B,ENSG00000196693,,,,,,,,,,,
RASSF4,ENSG00000107551,,,,,,,,,,,
ZNF22,ENSG00000165512,,,,,,,,,,,
GPRIN2,ENSG00000204175,,,,,,,,,,,
UBE2D1,ENSG00000072401,,,,,,,,,,,
CCDC6,ENSG00000108091,,,,,,,,,,,
RHOBTB1,ENSG00000072422,,,,,,,,,,,
TMEM26,ENSG00000196932,,,,,,,,,,,
RTKN2,ENSG00000182010,,,,,,,,,,,
JMJD1C,ENSG00000171988,,,,,,,,,,,
REEP3,ENSG00000165476,,,,,,,,,,,
HK1,ENSG00000156515,,,,,,,,,,,
LRRC20,ENSG00000172731,,,,,,,,,,,
PALD1,ENSG00000107719,,,,,,,,,,,
ADAMTS14,ENSG00000138316,,,,,,,,,,,
C10orf105,ENSG00000214688,,,,,,,,,,,
SPOCK2,ENSG00000107742,,,,,,,,,,,
DDIT4,ENSG00000168209,,,,,,,,,,,
NUDT13,ENSG00000166321,,,,,,,,,,,
FAM149B1,ENSG00000138286,,,,,,,,,,,
ZSWIM8,ENSG00000214655,,,,,,,,,,,
NA,ENSG00000272916,,,,,,,,,,,
CAMK2G,ENSG00000148660,,,,,,,,,,,
PLAU,ENSG00000122861,,,,,,,,,,,
ZCCHC24,ENSG00000165424,,,,,,,,,,,
MAT1A,ENSG00000151224,,,,,,,,,,,
DYDC2,ENSG00000133665,,,,,,,,,,,
SNCG,ENSG00000173267,,,,,,,,,,,
FAS,ENSG00000026103,,,,,,,,,,,
CH25H,ENSG00000138135,,,,,,,,,,,
LIPA,ENSG00000107798,,,,,,,,,,,
IFIT1,ENSG00000185745,,,,,,,,,,,
HTR7,ENSG00000148680,,,,,,,,,,,
HECTD2,ENSG00000165338,,,,,,,,,,,
PPP1R3C,ENSG00000119938,,,,,,,,,,,
FGFBP3,ENSG00000174721,,,,,,,,,,,
FRA10AC1,ENSG00000148690,,,,,,,,,,,
MORN4,ENSG00000171160,,,,,,,,,,,
SFRP5,ENSG00000120057,,,,,,,,,,,
PYROXD2,ENSG00000119943,,,,,,,,,,,
DNMBP,ENSG00000107554,,,,,,,,,,,
SEC31B,ENSG00000075826,,,,,,,,,,,
LZTS2,ENSG00000107816,,,,,,,,,,,
SFXN3,ENSG00000107819,,,,,,,,,,,
KCNIP2,ENSG00000120049,,,,,,,,,,,
CUEDC2,ENSG00000107874,,,,,,,,,,,
ARL3,ENSG00000138175,,,,,,,,,,,
CNNM2,ENSG00000148842,,,,,,,,,,,
CALHM1,ENSG00000185933,,,,,,,,,,,
GSTO2,ENSG00000065621,,,,,,,,,,,
MXI1,ENSG00000119950,,,,,,,,,,,
PDCD4,ENSG00000150593,,,,,,,,,,,
BBIP1,ENSG00000214413,,,,,,,,,,,
ADRA2A,ENSG00000150594,,,,,,,,,,,
TCF7L2,ENSG00000148737,,,,,,,,,,,
CCDC172,ENSG00000182645,,,,,,,,,,,
C10orf82,ENSG00000165863,,,,,,,,,,,
SLC18A2,ENSG00000165646,,,,,,,,,,,
TACC2,ENSG00000138162,,,,,,,,,,,
HTRA1,ENSG00000166033,,,,,,,,,,,
C10orf88,ENSG00000119965,,,,,,,,,,,
ACADSB,ENSG00000196177,,,,,,,,,,,
HMX2,ENSG00000188816,,,,,,,,,,,
LHPP,ENSG00000107902,,,,,,,,,,,
FOXI2,ENSG00000186766,,,,,,,,,,,
DPYSL4,ENSG00000151640,,,,,,,,,,,
KNDC1,ENSG00000171798,,,,,,,,,,,
FGF23,ENSG00000118972,,,,,,,,,,,
CHD4,ENSG00000111642,,,,,,,,,,,
PIANP,ENSG00000139200,,,,,,,,,,,
LAG3,ENSG00000089692,,,,,,,,,,,
CD4,ENSG00000010610,,,,,,,,,,,
GPR162,ENSG00000250510,,,,,,,,,,,
P3H3,ENSG00000110811,,,,,,,,,,,
GNB3,ENSG00000111664,,,,,,,,,,,
C1R,ENSG00000159403,,,,,,,,,,,
C1RL,ENSG00000139178,,,,,,,,,,,
RBP5,ENSG00000139194,,,,,,,,,,,
PHC1,ENSG00000111752,,,,,,,,,,,
HEBP1,ENSG00000013583,,,,,,,,,,,
FAM234B,ENSG00000084444,,,,,,,,,,,
PLEKHA5,ENSG00000052126,,,,,,,,,,,
SPX,ENSG00000134548,,,,,,,,,,,
CMAS,ENSG00000111726,,,,,,,,,,,
FAR2,ENSG00000064763,,,,,,,,,,,
CAPRIN2,ENSG00000110888,,,,,,,,,,,
TSPAN11,ENSG00000110900,,,,,,,,,,,
SINHCAF,ENSG00000139146,,,,,,,,,,,
AMN1,ENSG00000151743,,,,,,,,,,,
SYT10,ENSG00000110975,,,,,,,,,,,
PRICKLE1,ENSG00000139174,,,,,,,,,,,
NELL2,ENSG00000184613,,,,,,,,,,,
SLC38A1,ENSG00000111371,,,,,,,,,,,
SLC38A2,ENSG00000134294,,,,,,,,,,,
SLC38A4,ENSG00000139209,,,,,,,,,,,
RAPGEF3,ENSG00000079337,,,,,,,,,,,
SLC48A1,ENSG00000211584,,,,,,,,,,,
HDAC7,ENSG00000061273,,,,,,,,,,,
COL2A1,ENSG00000139219,,,,,,,,,,,
PFKM,ENSG00000152556,,,,,,,,,,,
CCDC184,ENSG00000177875,,,,,,,,,,,
ADCY6,ENSG00000174233,,,,,,,,,,,
RND1,ENSG00000172602,,,,,,,,,,,
RHEBL1,ENSG00000167550,,,,,,,,,,,
TUBA1A,ENSG00000167552,,,,,,,,,,,
FMNL3,ENSG00000161791,,,,,,,,,,,
NCKAP5L,ENSG00000167566,,,,,,,,,,,
SCN8A,ENSG00000196876,,,,,,,,,,,
GRASP,ENSG00000161835,,,,,,,,,,,
KRT7,ENSG00000135480,,,,,,,,,,,
TNS2,ENSG00000111077,,,,,,,,,,,
RARG,ENSG00000172819,,,,,,,,,,,
MAP3K12,ENSG00000139625,,,,,,,,,,,
CALCOCO1,ENSG00000012822,,,,,,,,,,,
CBX5,ENSG00000094916,,,,,,,,,,,
ZNF385A,ENSG00000161642,,,,,,,,,,,
ITGA5,ENSG00000161638,,,,,,,,,,,
PPP1R1A,ENSG00000135447,,,,,,,,,,,
ITGA7,ENSG00000135424,,,,,,,,,,,
MMP19,ENSG00000123342,,,,,,,,,,,
PMEL,ENSG00000185664,,,,,,,,,,,
SMARCC2,ENSG00000139613,,,,,,,,,,,
NABP2,ENSG00000139579,,,,,,,,,,,
COQ10A,ENSG00000135469,,,,,,,,,,,
TAC3,ENSG00000166863,,,,,,,,,,,
NAB2,ENSG00000166886,,,,,,,,,,,
STAT6,ENSG00000166888,,,,,,,,,,,
STAC3,ENSG00000185482,,,,,,,,,,,
INHBE,ENSG00000139269,,,,,,,,,,,
GLI1,ENSG00000111087,,,,,,,,,,,
KIF5A,ENSG00000155980,,,,,,,,,,,
DTX3,ENSG00000178498,,,,,,,,,,,
ARHGEF25,ENSG00000240771,,,,,,,,,,,
AGAP2,ENSG00000135439,,,,,,,,,,,
TSPAN31,ENSG00000135452,,,,,,,,,,,
CTDSP2,ENSG00000175215,,,,,,,,,,,
PPM1H,ENSG00000111110,,,,,,,,,,,
HMGA2,ENSG00000149948,,,,,,,,,,,
MDM1,ENSG00000111554,,,,,,,,,,,
KCNMB4,ENSG00000135643,,,,,,,,,,,
THAP2,ENSG00000173451,,,,,,,,,,,
PHLDA1,ENSG00000139289,,,,,,,,,,,
BBS10,ENSG00000179941,,,,,,,,,,,
CSRP2,ENSG00000175183,,,,,,,,,,,
SYT1,ENSG00000067715,,,,,,,,,,,
PAWR,ENSG00000177425,,,,,,,,,,,
MYF6,ENSG00000111046,,,,,,,,,,,
LIN7A,ENSG00000111052,,,,,,,,,,,
ACSS3,ENSG00000111058,,,,,,,,,,,
SLC6A15,ENSG00000072041,,,,,,,,,,,
NTS,ENSG00000133636,,,,,,,,,,,
KITLG,ENSG00000049130,,,,,,,,,,,
DUSP6,ENSG00000139318,,,,,,,,,,,
USP44,ENSG00000136014,,,,,,,,,,,
LTA4H,ENSG00000111144,,,,,,,,,,,
UHRF1BP1L,ENSG00000111647,,,,,,,,,,,
DEPDC4,ENSG00000166153,,,,,,,,,,,
PAH,ENSG00000171759,,,,,,,,,,,
C12orf45,ENSG00000151131,,,,,,,,,,,
CKAP4,ENSG00000136026,,,,,,,,,,,
RIC8B,ENSG00000111785,,,,,,,,,,,
MTERF2,ENSG00000120832,,,,,,,,,,,
GLTP,ENSG00000139433,,,,,,,,,,,
C12orf76,ENSG00000174456,,,,,,,,,,,
IFT81,ENSG00000122970,,,,,,,,,,,
FAM216A,ENSG00000204856,,,,,,,,,,,
TCTN1,ENSG00000204852,,,,,,,,,,,
SH2B3,ENSG00000111252,,,,,,,,,,,
TMEM116,ENSG00000198270,,,,,,,,,,,
DTX1,ENSG00000135144,,,,,,,,,,,
RASAL1,ENSG00000111344,,,,,,,,,,,
LHX5,ENSG00000089116,,,,,,,,,,,
FBXW8,ENSG00000174989,,,,,,,,,,,
MSI1,ENSG00000135097,,,,,,,,,,,
CABP1,ENSG00000157782,,,,,,,,,,,
UNC119B,ENSG00000175970,,,,,,,,,,,
TMEM132B,ENSG00000139364,,,,,,,,,,,
P2RX2,ENSG00000187848,,,,,,,,,,,
ZMYM2,ENSG00000121741,,,,,,,,,,,
SHISA2,ENSG00000180730,,,,,,,,,,,
WASF3,ENSG00000132970,,,,,,,,,,,
FLT1,ENSG00000102755,,,,,,,,,,,
SLC7A1,ENSG00000139514,,,,,,,,,,,
MEDAG,ENSG00000102802,,,,,,,,,,,
N4BP2L1,ENSG00000139597,,,,,,,,,,,
DCLK1,ENSG00000133083,,,,,,,,,,,
RFXAP,ENSG00000133111,,,,,,,,,,,
TRPC4,ENSG00000133107,,,,,,,,,,,
FREM2,ENSG00000150893,,,,,,,,,,,
FOXO1,ENSG00000150907,,,,,,,,,,,
TNFSF11,ENSG00000120659,,,,,,,,,,,
CCDC122,ENSG00000151773,,,,,,,,,,,
GPALPP1,ENSG00000133114,,,,,,,,,,,
RCBTB2,ENSG00000136161,,,,,,,,,,,
EBPL,ENSG00000123179,,,,,,,,,,,
C13orf42,ENSG00000226792,,,,,,,,,,,
FAM124A,ENSG00000150510,,,,,,,,,,,
INTS6,ENSG00000102786,,,,,,,,,,,
WDFY2,ENSG00000139668,,,,,,,,,,,
CNMD,ENSG00000136110,,,,,,,,,,,
KLF12,ENSG00000118922,,,,,,,,,,,
KCTD12,ENSG00000178695,,,,,,,,,,,
SLAIN1,ENSG00000139737,,,,,,,,,,,
EDNRB,ENSG00000136160,,,,,,,,,,,
SPRY2,ENSG00000136158,,,,,,,,,,,
SLITRK1,ENSG00000178235,,,,,,,,,,,
SLITRK5,ENSG00000165300,,,,,,,,,,,
SOX21,ENSG00000125285,,,,,,,,,,,
CLDN10,ENSG00000134873,,,,,,,,,,,
DZIP1,ENSG00000134874,,,,,,,,,,,
UGGT2,ENSG00000102595,,,,,,,,,,,
RAP2A,ENSG00000125249,,,,,,,,,,,
FARP1,ENSG00000152767,,,,,,,,,,,
STK24,ENSG00000102572,,,,,,,,,,,
CLYBL,ENSG00000125246,,,,,,,,,,,
ZIC5,ENSG00000139800,,,,,,,,,,,
ZIC2,ENSG00000043355,,,,,,,,,,,
TMTC4,ENSG00000125247,,,,,,,,,,,
POGLUT2,ENSG00000134901,,,,,,,,,,,
ARGLU1,ENSG00000134884,,,,,,,,,,,
IRS2,ENSG00000185950,,,,,,,,,,,
ANKRD10,ENSG00000088448,,,,,,,,,,,
MCF2L,ENSG00000126217,,,,,,,,,,,
RASA3,ENSG00000185989,,,,,,,,,,,
RNASE1,ENSG00000129538,,,,,,,,,,,
NDRG2,ENSG00000165795,,,,,,,,,,,
TPPP2,ENSG00000179636,,,,,,,,,,,
ARHGEF40,ENSG00000165801,,,,,,,,,,,
ZNF219,ENSG00000165804,,,,,,,,,,,
SALL2,ENSG00000165821,,,,,,,,,,,
REM2,ENSG00000139890,,,,,,,,,,,
NA,ENSG00000259132,,,,,,,,,,,
HOMEZ,ENSG00000215271,,,,,,,,,,,
SLC22A17,ENSG00000092096,,,,,,,,,,,
EFS,ENSG00000100842,,,,,,,,,,,
ZFHX2,ENSG00000136367,,,,,,,,,,,
THTPA,ENSG00000259431,,,,,,,,,,,
JPH4,ENSG00000092051,,,,,,,,,,,
DHRS2,ENSG00000100867,,,,,,,,,,,
DHRS4,ENSG00000157326,,,,,,,,,,,
DHRS4L2,ENSG00000187630,,,,,,,,,,,
CARMIL3,ENSG00000186648,,,,,,,,,,,
PCK2,ENSG00000100889,,,,,,,,,,,
PSME1,ENSG00000092010,,,,,,,,,,,
CIDEB,ENSG00000136305,,,,,,,,,,,
NFATC4,ENSG00000100968,,,,,,,,,,,
NYNRIN,ENSG00000205978,,,,,,,,,,,
NOVA1,ENSG00000139910,,,,,,,,,,,
C14orf28,ENSG00000179476,,,,,,,,,,,
GNG2,ENSG00000186469,,,,,,,,,,,
NID2,ENSG00000087303,,,,,,,,,,,
TXNDC16,ENSG00000087301,,,,,,,,,,,
GPR137C,ENSG00000180998,,,,,,,,,,,
PELI2,ENSG00000139946,,,,,,,,,,,
OTX2,ENSG00000165588,,,,,,,,,,,
PLEKHG3,ENSG00000126822,,,,,,,,,,,
ARG2,ENSG00000081181,,,,,,,,,,,
DCAF5,ENSG00000139990,,,,,,,,,,,
EXD2,ENSG00000081177,,,,,,,,,,,
CCDC177,ENSG00000267909,,,,,,,,,,,
TTC9,ENSG00000133985,,,,,,,,,,,
PAPLN,ENSG00000100767,,,,,,,,,,,
VRTN,ENSG00000133980,,,,,,,,,,,
SYNDIG1L,ENSG00000183379,,,,,,,,,,,
FOS,ENSG00000170345,,,,,,,,,,,
ZDHHC22,ENSG00000177108,,,,,,,,,,,
CHGA,ENSG00000100604,,,,,,,,,,,
IFI27L2,ENSG00000119632,,,,,,,,,,,
PPP4R4,ENSG00000119698,,,,,,,,,,,
CLMN,ENSG00000165959,,,,,,,,,,,
TUNAR,ENSG00000250366,,,,,,,,,,,
C14orf132,ENSG00000227051,,,,,,,,,,,
HHIPL1,ENSG00000182218,,,,,,,,,,,
ADSS1,ENSG00000185100,,,,,,,,,,,
PACS2,ENSG00000179364,,,,,,,,,,,
MTA1,ENSG00000182979,,,,,,,,,,,
GABRB3,ENSG00000166206,,,,,,,,,,,
GABRA5,ENSG00000186297,,,,,,,,,,,
SCG5,ENSG00000166922,,,,,,,,,,,
SPRED1,ENSG00000166068,,,,,,,,,,,
THBS1,ENSG00000137801,,,,,,,,,,,
GPR176,ENSG00000166073,,,,,,,,,,,
BMF,ENSG00000104081,,,,,,,,,,,
BUB1B,ENSG00000156970,,,,,,,,,,,
PLCB2,ENSG00000137841,,,,,,,,,,,
INAFM2,ENSG00000259330,,,,,,,,,,,
CCDC9B,ENSG00000188549,,,,,,,,,,,
DISP2,ENSG00000140323,,,,,,,,,,,
CHAC1,ENSG00000128965,,,,,,,,,,,
STARD9,ENSG00000159433,,,,,,,,,,,
PPIP5K1,ENSG00000168781,,,,,,,,,,,
CKMT1A,ENSG00000223572,,,,,,,,,,,
B2M,ENSG00000166710,,,,,,,,,,,
SORD,ENSG00000140263,,,,,,,,,,,
SHF,ENSG00000138606,,,,,,,,,,,
GATM,ENSG00000171766,,,,,,,,,,,
MYEF2,ENSG00000104177,,,,,,,,,,,
EID1,ENSG00000255302,,,,,,,,,,,
SCG3,ENSG00000104112,,,,,,,,,,,
TMOD2,ENSG00000128872,,,,,,,,,,,
GNB5,ENSG00000069966,,,,,,,,,,,
ONECUT1,ENSG00000169856,,,,,,,,,,,
RFX7,ENSG00000181827,,,,,,,,,,,
ZNF280D,ENSG00000137871,,,,,,,,,,,
TPM1,ENSG00000140416,,,,,,,,,,,
RAB8B,ENSG00000166128,,,,,,,,,,,
APH1B,ENSG00000138613,,,,,,,,,,,
CA12,ENSG00000074410,,,,,,,,,,,
USP3,ENSG00000140455,,,,,,,,,,,
SNX1,ENSG00000028528,,,,,,,,,,,
SNX22,ENSG00000157734,,,,,,,,,,,
ZNF609,ENSG00000180357,,,,,,,,,,,
OAZ2,ENSG00000180304,,,,,,,,,,,
RASL12,ENSG00000103710,,,,,,,,,,,
IGDCC3,ENSG00000174498,,,,,,,,,,,
IGDCC4,ENSG00000103742,,,,,,,,,,,
MAP2K1,ENSG00000169032,,,,,,,,,,,
LCTL,ENSG00000188501,,,,,,,,,,,
GLCE,ENSG00000138604,,,,,,,,,,,
PAQR5,ENSG00000137819,,,,,,,,,,,
NEO1,ENSG00000067141,,,,,,,,,,,
HCN4,ENSG00000138622,,,,,,,,,,,
CD276,ENSG00000103855,,,,,,,,,,,
INSYN1,ENSG00000205363,,,,,,,,,,,
LOXL1,ENSG00000129038,,,,,,,,,,,
STRA6,ENSG00000137868,,,,,,,,,,,
FAM219B,ENSG00000178761,,,,,,,,,,,
SCAMP5,ENSG00000198794,,,,,,,,,,,
NEIL1,ENSG00000140398,,,,,,,,,,,
SNX33,ENSG00000173548,,,,,,,,,,,
CSPG4,ENSG00000173546,,,,,,,,,,,
ETFA,ENSG00000140374,,,,,,,,,,,
PEAK1,ENSG00000173517,,,,,,,,,,,
HMG20A,ENSG00000140382,,,,,,,,,,,
CIB2,ENSG00000136425,,,,,,,,,,,
ACSBG1,ENSG00000103740,,,,,,,,,,,
CRABP1,ENSG00000166426,,,,,,,,,,,
ADAMTS7,ENSG00000136378,,,,,,,,,,,
CTSH,ENSG00000103811,,,,,,,,,,,
ARNT2,ENSG00000172379,,,,,,,,,,,
STARD5,ENSG00000172345,,,,,,,,,,,
MEX3B,ENSG00000183496,,,,,,,,,,,
EFL1,ENSG00000140598,,,,,,,,,,,
GOLGA6L10,ENSG00000278662,,,,,,,,,,,
GOLGA6L9,ENSG00000197978,,,,,,,,,,,
AP3B2,ENSG00000103723,,,,,,,,,,,
HDGFL3,ENSG00000166503,,,,,,,,,,,
BNC1,ENSG00000169594,,,,,,,,,,,
SH3GL3,ENSG00000140600,,,,,,,,,,,
ZSCAN2,ENSG00000176371,,,,,,,,,,,
ALPK3,ENSG00000136383,,,,,,,,,,,
HAPLN3,ENSG00000140511,,,,,,,,,,,
MFGE8,ENSG00000140545,,,,,,,,,,,
KIF7,ENSG00000166813,,,,,,,,,,,
AP3S2,ENSG00000157823,,,,,,,,,,,
IDH2,ENSG00000182054,,,,,,,,,,,
RGMA,ENSG00000182175,,,,,,,,,,,
ARRDC4,ENSG00000140450,,,,,,,,,,,
TTC23,ENSG00000103852,,,,,,,,,,,
LYSMD4,ENSG00000183060,,,,,,,,,,,
TARS3,ENSG00000185418,,,,,,,,,,,
NME4,ENSG00000103202,,,,,,,,,,,
WFIKKN1,ENSG00000127578,,,,,,,,,,,
RHBDL1,ENSG00000103269,,,,,,,,,,,
FBXL16,ENSG00000127585,,,,,,,,,,,
HAGHL,ENSG00000103253,,,,,,,,,,,
CACNA1H,ENSG00000196557,,,,,,,,,,,
BAIAP3,ENSG00000007516,,,,,,,,,,,
MAPK8IP3,ENSG00000138834,,,,,,,,,,,
NME3,ENSG00000103024,,,,,,,,,,,
EME2,ENSG00000197774,,,,,,,,,,,
RAB26,ENSG00000167964,,,,,,,,,,,
CASKIN1,ENSG00000167971,,,,,,,,,,,
BRICD5,ENSG00000182685,,,,,,,,,,,
ABCA3,ENSG00000167972,,,,,,,,,,,
PRSS27,ENSG00000172382,,,,,,,,,,,
PRSS22,ENSG00000005001,,,,,,,,,,,
CLDN9,ENSG00000213937,,,,,,,,,,,
HCFC1R1,ENSG00000103145,,,,,,,,,,,
BICDL2,ENSG00000162069,,,,,,,,,,,
MMP25,ENSG00000008516,,,,,,,,,,,
ZSCAN10,ENSG00000130182,,,,,,,,,,,
DNASE1,ENSG00000213918,,,,,,,,,,,
VASN,ENSG00000168140,,,,,,,,,,,
CDIP1,ENSG00000089486,,,,,,,,,,,
PPL,ENSG00000118898,,,,,,,,,,,
C16orf89,ENSG00000153446,,,,,,,,,,,
TMEM114,ENSG00000232258,,,,,,,,,,,
METTL22,ENSG00000067365,,,,,,,,,,,
ABAT,ENSG00000183044,,,,,,,,,,,
CARHSP1,ENSG00000153048,,,,,,,,,,,
LITAF,ENSG00000189067,,,,,,,,,,,
SNN,ENSG00000184602,,,,,,,,,,,
SHISA9,ENSG00000237515,,,,,,,,,,,
NPIPA1,ENSG00000183426,,,,,,,,,,,
NPIPA5,ENSG00000183793,,,,,,,,,,,
BMERB1,ENSG00000166780,,,,,,,,,,,
ABCC1,ENSG00000103222,,,,,,,,,,,
XYLT1,ENSG00000103489,,,,,,,,,,,
GPR139,ENSG00000180269,,,,,,,,,,,
METTL9,ENSG00000197006,,,,,,,,,,,
SCNN1G,ENSG00000166828,,,,,,,,,,,
ERN2,ENSG00000134398,,,,,,,,,,,
CHP2,ENSG00000166869,,,,,,,,,,,
IL4R,ENSG00000077238,,,,,,,,,,,
SBK1,ENSG00000188322,,,,,,,,,,,
NA,ENSG00000280893,,,,,,,,,,,
SEZ6L2,ENSG00000174938,,,,,,,,,,,
ASPHD1,ENSG00000174939,,,,,,,,,,,
TLCD3B,ENSG00000149926,,,,,,,,,,,
TBX6,ENSG00000149922,,,,,,,,,,,
YPEL3,ENSG00000090238,,,,,,,,,,,
ZNF629,ENSG00000102870,,,,,,,,,,,
ORAI3,ENSG00000175938,,,,,,,,,,,
STX1B,ENSG00000099365,,,,,,,,,,,
TGFB1I1,ENSG00000140682,,,,,,,,,,,
ZNF423,ENSG00000102935,,,,,,,,,,,
ADCY7,ENSG00000121281,,,,,,,,,,,
NKD1,ENSG00000140807,,,,,,,,,,,
CYLD,ENSG00000083799,,,,,,,,,,,
SALL1,ENSG00000103449,,,,,,,,,,,
TOX3,ENSG00000103460,,,,,,,,,,,
LOC105371267,ENSG00000277639,,,,,,,,,,,
CHD9,ENSG00000177200,,,,,,,,,,,
RBL2,ENSG00000103479,,,,,,,,,,,
MMP2,ENSG00000087245,,,,,,,,,,,
GNAO1,ENSG00000087258,,,,,,,,,,,
CCDC102A,ENSG00000135736,,,,,,,,,,,
ADGRG3,ENSG00000182885,,,,,,,,,,,
CCDC113,ENSG00000103021,,,,,,,,,,,
NDRG4,ENSG00000103034,,,,,,,,,,,
CA7,ENSG00000168748,,,,,,,,,,,
SLC9A5,ENSG00000135740,,,,,,,,,,,
ZDHHC1,ENSG00000159714,,,,,,,,,,,
HSD11B2,ENSG00000176387,,,,,,,,,,,
CARMIL2,ENSG00000159753,,,,,,,,,,,
PARD6A,ENSG00000102981,,,,,,,,,,,
GFOD2,ENSG00000141098,,,,,,,,,,,
PSKH1,ENSG00000159792,,,,,,,,,,,
DPEP3,ENSG00000141096,,,,,,,,,,,
ZFP90,ENSG00000184939,,,,,,,,,,,
CDH3,ENSG00000062038,,,,,,,,,,,
HAS3,ENSG00000103044,,,,,,,,,,,
CHST4,ENSG00000140835,,,,,,,,,,,
ZNF821,ENSG00000102984,,,,,,,,,,,
BCAR1,ENSG00000050820,,,,,,,,,,,
CHST6,ENSG00000183196,,,,,,,,,,,
NUDT7,ENSG00000140876,,,,,,,,,,,
VAT1L,ENSG00000171724,,,,,,,,,,,
HSBP1,ENSG00000230989,,,,,,,,,,,
NA,ENSG00000260300,,,,,,,,,,,
NECAB2,ENSG00000103154,,,,,,,,,,,
MEAK7,ENSG00000140950,,,,,,,,,,,
COTL1,ENSG00000103187,,,,,,,,,,,
SNAI3,ENSG00000185669,,,,,,,,,,,
CPNE7,ENSG00000178773,,,,,,,,,,,
DBNDD1,ENSG00000003249,,,,,,,,,,,
SCARF1,ENSG00000074660,,,,,,,,,,,
TLCD2,ENSG00000185561,,,,,,,,,,,
SERPINF2,ENSG00000167711,,,,,,,,,,,
SERPINF1,ENSG00000132386,,,,,,,,,,,
SGSM2,ENSG00000141258,,,,,,,,,,,
CAMKK1,ENSG00000004660,,,,,,,,,,,
P2RX1,ENSG00000108405,,,,,,,,,,,
ATP2A3,ENSG00000074370,,,,,,,,,,,
CYB5D2,ENSG00000167740,,,,,,,,,,,
ALOX15,ENSG00000161905,,,,,,,,,,,
ARRB2,ENSG00000141480,,,,,,,,,,,
WSCD1,ENSG00000179314,,,,,,,,,,,
PIMREG,ENSG00000129195,,,,,,,,,,,
PITPNM3,ENSG00000091622,,,,,,,,,,,
C17orf100,ENSG00000256806,,,,,,,,,,,
SLC13A5,ENSG00000141485,,,,,,,,,,,
BCL6B,ENSG00000161940,,,,,,,,,,,
ASGR1,ENSG00000141505,,,,,,,,,,,
DLG4,ENSG00000132535,,,,,,,,,,,
ACADVL,ENSG00000072778,,,,,,,,,,,
YBX2,ENSG00000006047,,,,,,,,,,,
ACAP1,ENSG00000072818,,,,,,,,,,,
KCTD11,ENSG00000213859,,,,,,,,,,,
NLGN2,ENSG00000169992,,,,,,,,,,,
FGF11,ENSG00000161958,,,,,,,,,,,
SAT2,ENSG00000141504,,,,,,,,,,,
ATP1B2,ENSG00000129244,,,,,,,,,,,
TP53,ENSG00000141510,,,,,,,,,,,
EFNB3,ENSG00000108947,,,,,,,,,,,
GUCY2D,ENSG00000132518,,,,,,,,,,,
ALOX15B,ENSG00000179593,,,,,,,,,,,
KRBA2,ENSG00000184619,,,,,,,,,,,
MFSD6L,ENSG00000185156,,,,,,,,,,,
MYH2,ENSG00000125414,,,,,,,,,,,
ADPRM,ENSG00000170222,,,,,,,,,,,
HS3ST3B1,ENSG00000125430,,,,,,,,,,,
CENPV,ENSG00000166582,,,,,,,,,,,
LRRC75A,ENSG00000181350,,,,,,,,,,,
B9D1,ENSG00000108641,,,,,,,,,,,
MFAP4,ENSG00000166482,,,,,,,,,,,
RNF112,ENSG00000128482,,,,,,,,,,,
MTRNR2L1,ENSG00000256618,,,,,,,,,,,
NLK,ENSG00000087095,,,,,,,,,,,
SARM1,ENSG00000004139,,,,,,,,,,,
PROCA1,ENSG00000167525,,,,,,,,,,,
RAB34,ENSG00000109113,,,,,,,,,,,
FLOT2,ENSG00000132589,,,,,,,,,,,
PIPOX,ENSG00000179761,,,,,,,,,,,
SEZ6,ENSG00000063015,,,,,,,,,,,
MYO18A,ENSG00000196535,,,,,,,,,,,
ANKRD13B,ENSG00000198720,,,,,,,,,,,
RHBDL3,ENSG00000141314,,,,,,,,,,,
CDK5R1,ENSG00000176749,,,,,,,,,,,
TMEM98,ENSG00000006042,,,,,,,,,,,
RFFL,ENSG00000092871,,,,,,,,,,,
SLFN5,ENSG00000166750,,,,,,,,,,,
LHX1,ENSG00000273706,,,,,,,,,,,
ARHGAP23,ENSG00000275832,,,,,,,,,,,
LINC00672,ENSG00000263874,,,,,,,,,,,
CACNB1,ENSG00000067191,,,,,,,,,,,
STAC2,ENSG00000141750,,,,,,,,,,,
PPP1R1B,ENSG00000131771,,,,,,,,,,,
PGAP3,ENSG00000161395,,,,,,,,,,,
ERBB2,ENSG00000141736,,,,,,,,,,,
GSDMB,ENSG00000073605,,,,,,,,,,,
NR1D1,ENSG00000126368,,,,,,,,,,,
RAPGEFL1,ENSG00000108352,,,,,,,,,,,
IGFBP4,ENSG00000141753,,,,,,,,,,,
P3H4,ENSG00000141696,,,,,,,,,,,
FKBP10,ENSG00000141756,,,,,,,,,,,
TTC25,ENSG00000204815,,,,,,,,,,,
DHX58,ENSG00000108771,,,,,,,,,,,
STAT5B,ENSG00000173757,,,,,,,,,,,
TUBG2,ENSG00000037042,,,,,,,,,,,
CCR10,ENSG00000184451,,,,,,,,,,,
CNTNAP1,ENSG00000108797,,,,,,,,,,,
RAMP2,ENSG00000131477,,,,,,,,,,,
RND2,ENSG00000108830,,,,,,,,,,,
ETV4,ENSG00000175832,,,,,,,,,,,
MPP2,ENSG00000108852,,,,,,,,,,,
RUNDC3A,ENSG00000108309,,,,,,,,,,,
FAM171A2,ENSG00000161682,,,,,,,,,,,
ITGA2B,ENSG00000005961,,,,,,,,,,,
FZD2,ENSG00000180340,,,,,,,,,,,
ADAM11,ENSG00000073670,,,,,,,,,,,
GJC1,ENSG00000182963,,,,,,,,,,,
ACBD4,ENSG00000181513,,,,,,,,,,,
ARHGAP27,ENSG00000159314,,,,,,,,,,,
CRHR1,ENSG00000263715,,,,,,,,,,,
OSBPL7,ENSG00000006025,,,,,,,,,,,
SCRN2,ENSG00000141295,,,,,,,,,,,
TTLL6,ENSG00000170703,,,,,,,,,,,
GNGT2,ENSG00000167083,,,,,,,,,,,
ABI3,ENSG00000108798,,,,,,,,,,,
NGFR,ENSG00000064300,,,,,,,,,,,
NXPH3,ENSG00000182575,,,,,,,,,,,
SPOP,ENSG00000121067,,,,,,,,,,,
FAM117A,ENSG00000121104,,,,,,,,,,,
TAC4,ENSG00000176358,,,,,,,,,,,
ITGA3,ENSG00000005884,,,,,,,,,,,
PDK2,ENSG00000005882,,,,,,,,,,,
SAMD14,ENSG00000167100,,,,,,,,,,,
COL1A1,ENSG00000108821,,,,,,,,,,,
TMEM92,ENSG00000167105,,,,,,,,,,,
MYCBPAP,ENSG00000136449,,,,,,,,,,,
EPN3,ENSG00000049283,,,,,,,,,,,
SPATA20,ENSG00000006282,,,,,,,,,,,
CACNA1G,ENSG00000006283,,,,,,,,,,,
MBTD1,ENSG00000011258,,,,,,,,,,,
TOM1L1,ENSG00000141198,,,,,,,,,,,
MMD,ENSG00000108960,,,,,,,,,,,
C17orf67,ENSG00000214226,,,,,,,,,,,
TRIM25,ENSG00000121060,,,,,,,,,,,
SCPEP1,ENSG00000121064,,,,,,,,,,,
MSI2,ENSG00000153944,,,,,,,,,,,
VEZF1,ENSG00000136451,,,,,,,,,,,
OR4D1,ENSG00000141194,,,,,,,,,,,
TSPOAP1,ENSG00000005379,,,,,,,,,,,
SEPTIN4,ENSG00000108387,,,,,,,,,,,
PPM1E,ENSG00000175175,,,,,,,,,,,
CA4,ENSG00000167434,,,,,,,,,,,
KCNH6,ENSG00000173826,,,,,,,,,,,
MAP3K3,ENSG00000198909,,,,,,,,,,,
GH2,ENSG00000136487,,,,,,,,,,,
SCN4A,ENSG00000007314,,,,,,,,,,,
RGS9,ENSG00000108370,,,,,,,,,,,
MAP2K6,ENSG00000108984,,,,,,,,,,,
KCNJ2,ENSG00000123700,,,,,,,,,,,
SSTR2,ENSG00000180616,,,,,,,,,,,
SDK2,ENSG00000069188,,,,,,,,,,,
BTBD17,ENSG00000204347,,,,,,,,,,,
RAB37,ENSG00000172794,,,,,,,,,,,
USH1G,ENSG00000182040,,,,,,,,,,,
HID1,ENSG00000167861,,,,,,,,,,,
MIF4GD,ENSG00000125457,,,,,,,,,,,
MYO15B,ENSG00000266714,,,,,,,,,,,
FOXJ1,ENSG00000129654,,,,,,,,,,,
RNF157,ENSG00000141576,,,,,,,,,,,
MGAT5B,ENSG00000167889,,,,,,,,,,,
TNRC6C,ENSG00000078687,,,,,,,,,,,
TMC6,ENSG00000141524,,,,,,,,,,,
TMC8,ENSG00000167895,,,,,,,,,,,
TIMP2,ENSG00000035862,,,,,,,,,,,
LGALS3BP,ENSG00000108679,,,,,,,,,,,
CBX2,ENSG00000173894,,,,,,,,,,,
TBC1D16,ENSG00000167291,,,,,,,,,,,
CCDC40,ENSG00000141519,,,,,,,,,,,
GAA,ENSG00000171298,,,,,,,,,,,
RNF213,ENSG00000173821,,,,,,,,,,,
NPTX1,ENSG00000171246,,,,,,,,,,,
RAC3,ENSG00000169750,,,,,,,,,,,
HEXD,ENSG00000169660,,,,,,,,,,,
TMEM200C,ENSG00000206432,,,,,,,,,,,
ARHGAP28,ENSG00000088756,,,,,,,,,,,
PRELID3A,ENSG00000141391,,,,,,,,,,,
ZNF519,ENSG00000175322,,,,,,,,,,,
ANKRD29,ENSG00000154065,,,,,,,,,,,
TTC39C,ENSG00000168234,,,,,,,,,,,
OSBPL1A,ENSG00000141447,,,,,,,,,,,
AQP4,ENSG00000171885,,,,,,,,,,,
CHST9,ENSG00000154080,,,,,,,,,,,
CDH2,ENSG00000170558,,,,,,,,,,,
DSC3,ENSG00000134762,,,,,,,,,,,
B4GALT6,ENSG00000118276,,,,,,,,,,,
MAPRE2,ENSG00000166974,,,,,,,,,,,
GALNT1,ENSG00000141429,,,,,,,,,,,
SLC39A6,ENSG00000141424,,,,,,,,,,,
ELP2,ENSG00000134759,,,,,,,,,,,
MOCOS,ENSG00000075643,,,,,,,,,,,
TPGS2,ENSG00000134779,,,,,,,,,,,
SYT4,ENSG00000132872,,,,,,,,,,,
HDHD2,ENSG00000167220,,,,,,,,,,,
ME2,ENSG00000082212,,,,,,,,,,,
POLI,ENSG00000101751,,,,,,,,,,,
TCF4,ENSG00000196628,,,,,,,,,,,
ST8SIA3,ENSG00000177511,,,,,,,,,,,
NEDD4L,ENSG00000049759,,,,,,,,,,,
PMAIP1,ENSG00000141682,,,,,,,,,,,
TNFRSF11A,ENSG00000141655,,,,,,,,,,,
PHLPP1,ENSG00000081913,,,,,,,,,,,
NETO1,ENSG00000166342,,,,,,,,,,,
CYB5A,ENSG00000166347,,,,,,,,,,,
ZNF516,ENSG00000101493,,,,,,,,,,,
MBP,ENSG00000197971,,,,,,,,,,,
SALL3,ENSG00000256463,,,,,,,,,,,
PARD6G,ENSG00000178184,,,,,,,,,,,
C20orf96,ENSG00000196476,,,,,,,,,,,
ZCCHC3,ENSG00000247315,,,,,,,,,,,
SOX12,ENSG00000177732,,,,,,,,,,,
TCF15,ENSG00000125878,,,,,,,,,,,
RSPO4,ENSG00000101282,,,,,,,,,,,
TMEM74B,ENSG00000125895,,,,,,,,,,,
SNPH,ENSG00000101298,,,,,,,,,,,
PCED1A,ENSG00000132635,,,,,,,,,,,
LZTS3,ENSG00000088899,,,,,,,,,,,
ADAM33,ENSG00000149451,,,,,,,,,,,
CDS2,ENSG00000101290,,,,,,,,,,,
PROKR2,ENSG00000101292,,,,,,,,,,,
CHGB,ENSG00000089199,,,,,,,,,,,
BTBD3,ENSG00000132640,,,,,,,,,,,
BFSP1,ENSG00000125864,,,,,,,,,,,
ZNF133,ENSG00000125846,,,,,,,,,,,
KIZ,ENSG00000088970,,,,,,,,,,,
CST1,ENSG00000170373,,,,,,,,,,,
SYNDIG1,ENSG00000101463,,,,,,,,,,,
DUSP15,ENSG00000149599,,,,,,,,,,,
XKR7,ENSG00000260903,,,,,,,,,,,
CCM2L,ENSG00000101331,,,,,,,,,,,
HCK,ENSG00000101336,,,,,,,,,,,
NOL4L,ENSG00000197183,,,,,,,,,,,
COMMD7,ENSG00000149600,,,,,,,,,,,
DNMT3B,ENSG00000088305,,,,,,,,,,,
GGT7,ENSG00000131067,,,,,,,,,,,
SPAG4,ENSG00000061656,,,,,,,,,,,
CPNE1,ENSG00000214078,,,,,,,,,,,
NNAT,ENSG00000053438,,,,,,,,,,,
EMILIN3,ENSG00000183798,,,,,,,,,,,
CHD6,ENSG00000124177,,,,,,,,,,,
GDAP1L1,ENSG00000124194,,,,,,,,,,,
RIMS4,ENSG00000101098,,,,,,,,,,,
PABPC1L,ENSG00000101104,,,,,,,,,,,
SEMG1,ENSG00000124233,,,,,,,,,,,
RBPJL,ENSG00000124232,,,,,,,,,,,
WFDC2,ENSG00000101443,,,,,,,,,,,
WFDC10B,ENSG00000182931,,,,,,,,,,,
CD40,ENSG00000101017,,,,,,,,,,,
SLC13A3,ENSG00000158296,,,,,,,,,,,
SLC2A10,ENSG00000197496,,,,,,,,,,,
ZMYND8,ENSG00000101040,,,,,,,,,,,
PTGIS,ENSG00000124212,,,,,,,,,,,
BCAS4,ENSG00000124243,,,,,,,,,,,
BMP7,ENSG00000101144,,,,,,,,,,,
STX16-NPEPL1,ENSG00000254995,,,,,,,,,,,
NPEPL1,ENSG00000215440,,,,,,,,,,,
HRH3,ENSG00000101180,,,,,,,,,,,
CABLES2,ENSG00000149679,,,,,,,,,,,
SLC17A9,ENSG00000101194,,,,,,,,,,,
CHRNA4,ENSG00000101204,,,,,,,,,,,
KCNQ2,ENSG00000075043,,,,,,,,,,,
FNDC11,ENSG00000125531,,,,,,,,,,,
STMN3,ENSG00000197457,,,,,,,,,,,
ZNF512B,ENSG00000196700,,,,,,,,,,,
SAMD10,ENSG00000130590,,,,,,,,,,,
TCEA2,ENSG00000171703,,,,,,,,,,,
PLPP2,ENSG00000141934,,,,,,,,,,,
MADCAM1,ENSG00000099866,,,,,,,,,,,
PALM,ENSG00000099864,,,,,,,,,,,
PLPPR3,ENSG00000129951,,,,,,,,,,,
AZU1,ENSG00000172232,,,,,,,,,,,
GRIN3B,ENSG00000116032,,,,,,,,,,,
CNN2,ENSG00000064666,,,,,,,,,,,
CBARP,ENSG00000099625,,,,,,,,,,,
APC2,ENSG00000115266,,,,,,,,,,,
PCSK4,ENSG00000115257,,,,,,,,,,,
TCF3,ENSG00000071564,,,,,,,,,,,
ATP8B3,ENSG00000130270,,,,,,,,,,,
BTBD2,ENSG00000133243,,,,,,,,,,,
AMH,ENSG00000104899,,,,,,,,,,,
SPPL2B,ENSG00000005206,,,,,,,,,,,
DIRAS1,ENSG00000176490,,,,,,,,,,,
TLE5,ENSG00000104964,,,,,,,,,,,
CELF5,ENSG00000161082,,,,,,,,,,,
SMIM24,ENSG00000095932,,,,,,,,,,,
C19orf71,ENSG00000183397,,,,,,,,,,,
GIPC3,ENSG00000179855,,,,,,,,,,,
ZFR2,ENSG00000105278,,,,,,,,,,,
ATCAY,ENSG00000167654,,,,,,,,,,,
NMRK2,ENSG00000077009,,,,,,,,,,,
ANKRD24,ENSG00000089847,,,,,,,,,,,
SHD,ENSG00000105251,,,,,,,,,,,
FSD1,ENSG00000105255,,,,,,,,,,,
STAP2,ENSG00000178078,,,,,,,,,,,
PLIN5,ENSG00000214456,,,,,,,,,,,
SEMA6B,ENSG00000167680,,,,,,,,,,,
PTPRS,ENSG00000105426,,,,,,,,,,,
C3,ENSG00000125730,,,,,,,,,,,
PEX11G,ENSG00000104883,,,,,,,,,,,
ZNF358,ENSG00000198816,,,,,,,,,,,
TRAPPC5,ENSG00000181029,,,,,,,,,,,
EVI5L,ENSG00000142459,,,,,,,,,,,
PRR36,ENSG00000183248,,,,,,,,,,,
FBN3,ENSG00000142449,,,,,,,,,,,
CERS4,ENSG00000090661,,,,,,,,,,,
ADAMTS10,ENSG00000142303,,,,,,,,,,,
ZNF846,ENSG00000196605,,,,,,,,,,,
OLFM2,ENSG00000105088,,,,,,,,,,,
SHFL,ENSG00000130813,,,,,,,,,,,
ICAM5,ENSG00000105376,,,,,,,,,,,
ICAM3,ENSG00000076662,,,,,,,,,,,
CCDC159,ENSG00000183401,,,,,,,,,,,
EPOR,ENSG00000187266,,,,,,,,,,,
RGL3,ENSG00000205517,,,,,,,,,,,
ELAVL3,ENSG00000196361,,,,,,,,,,,
CNN1,ENSG00000130176,,,,,,,,,,,
ZNF844,ENSG00000286098,,,,,,,,,,,
BEST2,ENSG00000039987,,,,,,,,,,,
HOOK2,ENSG00000095066,,,,,,,,,,,
MAST1,ENSG00000105613,,,,,,,,,,,
ZSWIM4,ENSG00000132003,,,,,,,,,,,
IL27RA,ENSG00000104998,,,,,,,,,,,
PALM3,ENSG00000187867,,,,,,,,,,,
MISP3,ENSG00000141854,,,,,,,,,,,
ADGRL1,ENSG00000072071,,,,,,,,,,,
PKN1,ENSG00000123143,,,,,,,,,,,
SLC1A6,ENSG00000105143,,,,,,,,,,,
SYDE1,ENSG00000105137,,,,,,,,,,,
NOTCH3,ENSG00000074181,,,,,,,,,,,
AKAP8L,ENSG00000011243,,,,,,,,,,,
RASAL3,ENSG00000105122,,,,,,,,,,,
HSH2D,ENSG00000196684,,,,,,,,,,,
TMEM38A,ENSG00000072954,,,,,,,,,,,
USHBP1,ENSG00000130307,,,,,,,,,,,
ABHD8,ENSG00000127220,,,,,,,,,,,
ANO8,ENSG00000074855,,,,,,,,,,,
CCDC194,ENSG00000269720,,,,,,,,,,,
BST2,ENSG00000130303,,,,,,,,,,,
MVB12A,ENSG00000141971,,,,,,,,,,,
SLC27A1,ENSG00000130304,,,,,,,,,,,
UNC13A,ENSG00000130477,,,,,,,,,,,
FCHO1,ENSG00000130475,,,,,,,,,,,
B3GNT3,ENSG00000179913,,,,,,,,,,,
JAK3,ENSG00000105639,,,,,,,,,,,
RAB3A,ENSG00000105649,,,,,,,,,,,
PGPEP1,ENSG00000130517,,,,,,,,,,,
FKBP8,ENSG00000105701,,,,,,,,,,,
CRLF1,ENSG00000006016,,,,,,,,,,,
TMEM59L,ENSG00000105696,,,,,,,,,,,
HOMER3,ENSG00000051128,,,,,,,,,,,
SUGP2,ENSG00000064607,,,,,,,,,,,
NCAN,ENSG00000130287,,,,,,,,,,,
HAPLN4,ENSG00000187664,,,,,,,,,,,
TM6SF2,ENSG00000213996,,,,,,,,,,,
TSSK6,ENSG00000178093,,,,,,,,,,,
ZNF738,ENSG00000172687,,,,,,,,,,,
ZNF43,ENSG00000198521,,,,,,,,,,,
TSHZ3,ENSG00000121297,,,,,,,,,,,
DPY19L3,ENSG00000178904,,,,,,,,,,,
ANKRD27,ENSG00000105186,,,,,,,,,,,
LRP3,ENSG00000130881,,,,,,,,,,,
SLC7A10,ENSG00000130876,,,,,,,,,,,
ZNF792,ENSG00000180884,,,,,,,,,,,
GRAMD1A,ENSG00000089351,,,,,,,,,,,
SCN1B,ENSG00000105711,,,,,,,,,,,
HPN,ENSG00000105707,,,,,,,,,,,
LGI4,ENSG00000153902,,,,,,,,,,,
FXYD1,ENSG00000266964,,,,,,,,,,,
FXYD7,ENSG00000221946,,,,,,,,,,,
KRTDAP,ENSG00000188508,,,,,,,,,,,
DMKN,ENSG00000161249,,,,,,,,,,,
UPK1A,ENSG00000105668,,,,,,,,,,,
ARHGAP33,ENSG00000004777,,,,,,,,,,,
SYNE4,ENSG00000181392,,,,,,,,,,,
ALKBH6,ENSG00000239382,,,,,,,,,,,
CLIP3,ENSG00000105270,,,,,,,,,,,
ZFP14,ENSG00000142065,,,,,,,,,,,
ZNF345,ENSG00000251247,,,,,,,,,,,
SPRED3,ENSG00000188766,,,,,,,,,,,
CAPN12,ENSG00000182472,,,,,,,,,,,
FBXO27,ENSG00000161243,,,,,,,,,,,
ZFP36,ENSG00000128016,,,,,,,,,,,
PLEKHG2,ENSG00000090924,,,,,,,,,,,
DLL3,ENSG00000090932,,,,,,,,,,,
SELENOV,ENSG00000186838,,,,,,,,,,,
EID2,ENSG00000176396,,,,,,,,,,,
LGALS14,ENSG00000006659,,,,,,,,,,,
CLC,ENSG00000105205,,,,,,,,,,,
DYRK1B,ENSG00000105204,,,,,,,,,,,
MAP3K10,ENSG00000130758,,,,,,,,,,,
PRX,ENSG00000105227,,,,,,,,,,,
BLVRB,ENSG00000090013,,,,,,,,,,,
SHKBP1,ENSG00000160410,,,,,,,,,,,
CYP2A13,ENSG00000197838,,,,,,,,,,,
AXL,ENSG00000167601,,,,,,,,,,,
GRIK5,ENSG00000105737,,,,,,,,,,,
POU2F2,ENSG00000028277,,,,,,,,,,,
TMEM145,ENSG00000167619,,,,,,,,,,,
CNFN,ENSG00000105427,,,,,,,,,,,
LIPE,ENSG00000079435,,,,,,,,,,,
CD177,ENSG00000204936,,,,,,,,,,,
PINLYP,ENSG00000234465,,,,,,,,,,,
CADM4,ENSG00000105767,,,,,,,,,,,
PLAUR,ENSG00000011422,,,,,,,,,,,
CEACAM19,ENSG00000186567,,,,,,,,,,,
CBLC,ENSG00000142273,,,,,,,,,,,
BCAM,ENSG00000187244,,,,,,,,,,,
RELB,ENSG00000104856,,,,,,,,,,,
MARK4,ENSG00000007047,,,,,,,,,,,
TRAPPC6A,ENSG00000007255,,,,,,,,,,,
ERCC2,ENSG00000104884,,,,,,,,,,,
ERCC1,ENSG00000012061,,,,,,,,,,,
FOXA3,ENSG00000170608,,,,,,,,,,,
NOVA2,ENSG00000104967,,,,,,,,,,,
HIF3A,ENSG00000124440,,,,,,,,,,,
NA,ENSG00000277531,,,,,,,,,,,
ARHGAP35,ENSG00000160007,,,,,,,,,,,
MEIS3,ENSG00000105419,,,,,,,,,,,
SLC8A2,ENSG00000118160,,,,,,,,,,,
EHD2,ENSG00000024422,,,,,,,,,,,
PLA2G4C,ENSG00000105499,,,,,,,,,,,
ZSWIM9,ENSG00000185453,,,,,,,,,,,
CARD8,ENSG00000105483,,,,,,,,,,,
CCDC114,ENSG00000105479,,,,,,,,,,,
EMP3,ENSG00000142227,,,,,,,,,,,
TMEM143,ENSG00000161558,,,,,,,,,,,
FAM83E,ENSG00000105523,,,,,,,,,,,
SPHK2,ENSG00000063176,,,,,,,,,,,
CA11,ENSG00000063180,,,,,,,,,,,
FUT2,ENSG00000176920,,,,,,,,,,,
MAMSTR,ENSG00000176909,,,,,,,,,,,
IZUMO1,ENSG00000182264,,,,,,,,,,,
FUT1,ENSG00000174951,,,,,,,,,,,
FGF21,ENSG00000105550,,,,,,,,,,,
BCAT2,ENSG00000105552,,,,,,,,,,,
HSD17B14,ENSG00000087076,,,,,,,,,,,
PLEKHA4,ENSG00000105559,,,,,,,,,,,
PPFIA3,ENSG00000177380,,,,,,,,,,,
HRC,ENSG00000130528,,,,,,,,,,,
SLC6A16,ENSG00000063127,,,,,,,,,,,
TEAD2,ENSG00000074219,,,,,,,,,,,
GFY,ENSG00000261949,,,,,,,,,,,
FCGRT,ENSG00000104870,,,,,,,,,,,
PRRG2,ENSG00000126460,,,,,,,,,,,
RRAS,ENSG00000126458,,,,,,,,,,,
CPT1C,ENSG00000169169,,,,,,,,,,,
PTOV1,ENSG00000104960,,,,,,,,,,,
IZUMO2,ENSG00000161652,,,,,,,,,,,
MYH14,ENSG00000105357,,,,,,,,,,,
SPIB,ENSG00000269404,,,,,,,,,,,
MYBPC2,ENSG00000086967,,,,,,,,,,,
SYT3,ENSG00000213023,,,,,,,,,,,
CLEC11A,ENSG00000105472,,,,,,,,,,,
KLK1,ENSG00000167748,,,,,,,,,,,
KLK6,ENSG00000167755,,,,,,,,,,,
KLK7,ENSG00000169035,,,,,,,,,,,
KLK10,ENSG00000129451,,,,,,,,,,,
IGLON5,ENSG00000142549,,,,,,,,,,,
VSIG10L,ENSG00000186806,,,,,,,,,,,
C19orf84,ENSG00000262874,,,,,,,,,,,
SIGLEC6,ENSG00000105492,,,,,,,,,,,
PRKCG,ENSG00000126583,,,,,,,,,,,
CACNG7,ENSG00000105605,,,,,,,,,,,
CACNG8,ENSG00000142408,,,,,,,,,,,
CACNG6,ENSG00000130433,,,,,,,,,,,
TMC4,ENSG00000167608,,,,,,,,,,,
TTYH1,ENSG00000167614,,,,,,,,,,,
CDC42EP5,ENSG00000167617,,,,,,,,,,,
EPS8L1,ENSG00000131037,,,,,,,,,,,
TNNT1,ENSG00000105048,,,,,,,,,,,
TNNI3,ENSG00000129991,,,,,,,,,,,
BRSK1,ENSG00000160469,,,,,,,,,,,
KMT5C,ENSG00000133247,,,,,,,,,,,
COX6B2,ENSG00000160471,,,,,,,,,,,
SHISA7,ENSG00000187902,,,,,,,,,,,
SBK2,ENSG00000187550,,,,,,,,,,,
SBK3,ENSG00000231274,,,,,,,,,,,
ZNF579,ENSG00000218891,,,,,,,,,,,
FIZ1,ENSG00000179943,,,,,,,,,,,
ZNF444,ENSG00000167685,,,,,,,,,,,
NA,ENSG00000268533,,,,,,,,,,,
ZNF671,ENSG00000083814,,,,,,,,,,,
ZSCAN1,ENSG00000152467,,,,,,,,,,,
ZNF135,ENSG00000176293,,,,,,,,,,,
A1BG,ENSG00000121410,,,,,,,,,,,
MZF1,ENSG00000099326,,,,,,,,,,,
SRY,ENSG00000184895,,,,,,,,,,,
TMSB4Y,ENSG00000154620,,,,,,,,,,,
NLGN4Y,ENSG00000165246,,,,,,,,,,,
TMEM121B,ENSG00000183307,,,,,,,,,,,
CECR2,ENSG00000099954,,,,,,,,,,,
BID,ENSG00000015475,,,,,,,,,,,
CLTCL1,ENSG00000070371,,,,,,,,,,,
COMT,ENSG00000093010,,,,,,,,,,,
ARVCF,ENSG00000099889,,,,,,,,,,,
YPEL1,ENSG00000100027,,,,,,,,,,,
C22orf15,ENSG00000169314,,,,,,,,,,,
MMP11,ENSG00000099953,,,,,,,,,,,
GSTT2B,ENSG00000133433,,,,,,,,,,,
LRRC75B,ENSG00000178026,,,,,,,,,,,
SGSM1,ENSG00000167037,,,,,,,,,,,
GRK3,ENSG00000100077,,,,,,,,,,,
ASPHD2,ENSG00000128203,,,,,,,,,,,
CRYBB1,ENSG00000100122,,,,,,,,,,,
CHEK2,ENSG00000183765,,,,,,,,,,,
EMID1,ENSG00000186998,,,,,,,,,,,
NIPSNAP1,ENSG00000184117,,,,,,,,,,,
SEC14L6,ENSG00000214491,,,,,,,,,,,
GAL3ST1,ENSG00000128242,,,,,,,,,,,
TCN2,ENSG00000185339,,,,,,,,,,,
INPP5J,ENSG00000185133,,,,,,,,,,,
PLA2G3,ENSG00000100078,,,,,,,,,,,
PATZ1,ENSG00000100105,,,,,,,,,,,
SFI1,ENSG00000198089,,,,,,,,,,,
SYN3,ENSG00000185666,,,,,,,,,,,
LARGE1,ENSG00000133424,,,,,,,,,,,
RASD2,ENSG00000100302,,,,,,,,,,,
RBFOX2,ENSG00000100320,,,,,,,,,,,
APOL2,ENSG00000128335,,,,,,,,,,,
IFT27,ENSG00000100360,,,,,,,,,,,
TST,ENSG00000128311,,,,,,,,,,,
MPST,ENSG00000128309,,,,,,,,,,,
KCTD17,ENSG00000100379,,,,,,,,,,,
MFNG,ENSG00000100060,,,,,,,,,,,
TRIOBP,ENSG00000100106,,,,,,,,,,,
CSNK1E,ENSG00000213923,,,,,,,,,,,
FAM227A,ENSG00000184949,,,,,,,,,,,
GTPBP1,ENSG00000100226,,,,,,,,,,,
NPTXR,ENSG00000221890,,,,,,,,,,,
CBX7,ENSG00000100307,,,,,,,,,,,
PDGFB,ENSG00000100311,,,,,,,,,,,
SYNGR1,ENSG00000100321,,,,,,,,,,,
TEF,ENSG00000167074,,,,,,,,,,,
SEPTIN3,ENSG00000100167,,,,,,,,,,,
TTLL1,ENSG00000100271,,,,,,,,,,,
PNPLA5,ENSG00000100341,,,,,,,,,,,
PNPLA3,ENSG00000100344,,,,,,,,,,,
SHISAL1,ENSG00000138944,,,,,,,,,,,
RTL6,ENSG00000188636,,,,,,,,,,,
PHF21B,ENSG00000056487,,,,,,,,,,,
CERK,ENSG00000100422,,,,,,,,,,,
PANX2,ENSG00000073150,,,,,,,,,,,
ADM2,ENSG00000128165,,,,,,,,,,,
CHKB-CPT1B,ENSG00000254413,,,,,,,,,,,
ARSA,ENSG00000100299,,,,,,,,,,,
CBSL,ENSG00000274276,,,,,,,,,,,
RBM11,ENSG00000185272,,,,,,,,,,,
JAM2,ENSG00000154721,,,,,,,,,,,
APP,ENSG00000142192,,,,,,,,,,,
CYYR1,ENSG00000166265,,,,,,,,,,,
CLIC6,ENSG00000159212,,,,,,,,,,,
CBR1,ENSG00000159228,,,,,,,,,,,
RIPPLY3,ENSG00000183145,,,,,,,,,,,
VPS26C,ENSG00000157538,,,,,,,,,,,
B3GALT5,ENSG00000183778,,,,,,,,,,,
IGSF5,ENSG00000183067,,,,,,,,,,,
MX2,ENSG00000183486,,,,,,,,,,,
TMPRSS2,ENSG00000184012,,,,,,,,,,,
SLC37A1,ENSG00000160190,,,,,,,,,,,
PDE9A,ENSG00000160191,,,,,,,,,,,
CBS,ENSG00000160200,,,,,,,,,,,
COL18A1,ENSG00000182871,,,,,,,,,,,
COL6A2,ENSG00000142173,,,,,,,,,,,
FTCD,ENSG00000160282,,,,,,,,,,,
SPATC1L,ENSG00000160284,,,,,,,,,,,